bird_y,pipe_x,BIRD_VELOCITY,pipe_gap_y,reward
300,597,0,145,0.1
300,594,0,145,0.1
300,591,0,145,0.1
300,588,0,145,0.1
300,585,0,145,0.1
300,582,0,145,0.1
300,579,0,145,0.1
300,576,0,145,0.1
300,573,0,145,0.1
300,570,0,145,0.1
300,567,0,145,0.1
300,564,0,145,0.1
300,561,0,145,0.1
300,558,0,145,0.1
300,555,0,145,0.1
300,552,0,145,0.1
300,549,0,145,0.1
300,546,0,145,0.1
300,543,0,145,0.1
300,540,0,145,0.1
300,537,0,145,0.1
300,534,0,145,0.1
300,531,0,145,0.1
300,528,0,145,0.1
300,525,0,145,0.1
300,522,0,145,0.1
300,519,0,145,0.1
300,516,0,145,0.1
300,513,0,145,0.1
300,510,0,145,0.1
300,507,0,145,0.1
300,504,0,145,0.1
300,501,0,145,0.1
300,498,0,145,0.1
300,495,0,145,0.1
300,492,0,145,0.1
300,489,0,145,0.1
300,486,0,145,0.1
300,483,0,145,0.1
300,480,0,145,0.1
300,477,0,145,0.1
300,474,0,145,0.1
300,471,0,145,0.1
300,468,0,145,0.1
300,465,0,145,0.1
300,462,0,145,0.1
300,459,0,145,0.1
300,456,0,145,0.1
300,453,0,145,0.1
300,450,0,145,0.1
300,447,0,145,0.1
300,444,0,145,0.1
300,441,0,145,0.1
300,438,0,145,0.1
300,435,0,145,0.1
300,432,0,145,0.1
300,429,0,145,0.1
300,426,0,145,0.1
300,423,0,145,0.1
300,420,0,145,0.1
300,417,0,145,0.1
300,414,0,145,0.1
300,411,0,145,0.1
300,408,0,145,0.1
300,405,0,145,0.1
300,402,0,145,0.1
300,399,0,145,0.1
300,396,0,145,0.1
300,393,0,145,0.1
300,390,0,145,0.1
300,387,0,145,0.1
300,384,0,145,0.1
300,381,0,145,0.1
300,378,0,145,0.1
300,375,0,145,0.1
300,372,0,145,0.1
300,369,0,145,0.1
300,366,0,145,0.1
300,363,0,145,0.1
300,360,0,145,0.1
300,357,0,145,0.1
300,354,0,145,0.1
300,351,0,145,0.1
300,348,0,145,0.1
300,345,0,145,0.1
300,342,0,145,0.1
300,339,0,145,0.1
300,336,0,145,0.1
300,333,0,145,0.1
300,330,0,145,0.1
300,327,0,145,0.1
300,324,0,145,0.1
300,321,0,145,0.1
300,318,0,145,0.1
300,315,0,145,0.1
300,312,0,145,0.1
300,309,0,145,0.1
300,306,0,145,0.1
300,303,0,145,0.1
300,300,0,145,0.1
300,297,0,145,0.1
300,294,0,145,0.1
300,291,0,145,0.1
300,288,0,145,0.1
300,285,0,145,0.1
300,282,0,145,0.1
300,279,0,145,0.1
300,276,0,145,0.1
300,273,0,145,0.1
300,270,0,145,0.1
300,267,0,145,0.1
300,264,0,145,0.1
300,261,0,145,0.1
300,258,0,145,0.1
300,255,0,145,0.1
300,252,0,145,0.1
300,249,0,145,0.1
300,246,0,145,0.1
300,243,0,145,0.1
300,240,0,145,0.1
300,237,0,145,0.1
300,234,0,145,0.1
300,231,0,145,0.1
300,228,0,145,0.1
300,225,0,145,0.1
300,222,0,145,0.1
293,219,-7.5,145,0.1
286,216,-7.0,145,0.1
280,213,-6.5,145,0.1
274,210,-6.0,145,0.1
269,207,-5.5,145,0.1
264,204,-5.0,145,0.1
260,201,-4.5,145,0.1
256,198,-4.0,145,0.1
253,195,-3.5,145,0.1
250,192,-3.0,145,0.1
248,189,-2.5,145,0.1
246,186,-2.0,145,0.1
245,183,-1.5,145,0.1
244,180,-1.0,145,0.1
244,177,-0.5,145,0.1
244,174,0.0,145,0.1
245,171,0.5,145,0.1
246,168,1.0,145,0.1
248,165,1.5,145,0.1
250,162,2.0,145,0.1
253,159,2.5,145,0.1
256,156,3.0,145,0.1
260,153,3.5,145,0.1
264,150,4.0,145,0.1
257,147,-7.5,145,0.1
250,144,-7.0,145,0.1
244,141,-6.5,145,0.1
238,138,-6.0,145,0.1
233,135,-5.5,145,0.1
228,132,-5.0,145,0.1
224,129,-4.5,145,0.1
220,126,-4.0,145,0.1
217,123,-3.5,145,0.1
214,120,-3.0,145,0.1
212,117,-2.5,145,0.1
210,114,-2.0,145,0.1
209,111,-1.5,145,0.1
208,108,-1.0,145,0.1
208,105,-0.5,145,0.1
208,102,0.0,145,0.1
209,99,0.5,145,0.1
210,96,1.0,145,0.1
212,93,1.5,145,0.1
214,90,2.0,145,0.1
217,87,2.5,145,0.1
220,84,3.0,145,0.1
224,81,3.5,145,0.1
228,78,4.0,145,0.1
233,75,4.5,145,0.1
238,72,5.0,145,-1
300,597,0,55,0.1
300,594,0,55,0.1
300,591,0,55,0.1
300,588,0,55,0.1
300,585,0,55,0.1
300,582,0,55,0.1
300,579,0,55,0.1
300,576,0,55,0.1
300,573,0,55,0.1
300,570,0,55,0.1
300,567,0,55,0.1
300,564,0,55,0.1
300,561,0,55,0.1
300,558,0,55,0.1
300,555,0,55,0.1
300,552,0,55,0.1
300,549,0,55,0.1
300,546,0,55,0.1
300,543,0,55,0.1
300,540,0,55,0.1
300,537,0,55,0.1
300,534,0,55,0.1
300,531,0,55,0.1
300,528,0,55,0.1
300,525,0,55,0.1
300,522,0,55,0.1
300,519,0,55,0.1
300,516,0,55,0.1
300,513,0,55,0.1
300,510,0,55,0.1
300,507,0,55,0.1
300,504,0,55,0.1
300,501,0,55,0.1
300,498,0,55,0.1
300,495,0,55,0.1
300,492,0,55,0.1
300,489,0,55,0.1
300,486,0,55,0.1
300,483,0,55,0.1
300,480,0,55,0.1
300,477,0,55,0.1
300,474,0,55,0.1
300,471,0,55,0.1
300,468,0,55,0.1
300,465,0,55,0.1
300,462,0,55,0.1
300,459,0,55,0.1
300,456,0,55,0.1
300,453,0,55,0.1
300,450,0,55,0.1
300,447,0,55,0.1
300,444,0,55,0.1
300,441,0,55,0.1
300,438,0,55,0.1
300,435,0,55,0.1
300,432,0,55,0.1
300,429,0,55,0.1
300,426,0,55,0.1
300,423,0,55,0.1
300,420,0,55,0.1
300,417,0,55,0.1
300,414,0,55,0.1
300,411,0,55,0.1
300,408,0,55,0.1
300,405,0,55,0.1
300,402,0,55,0.1
300,399,0,55,0.1
300,396,0,55,0.1
300,393,0,55,0.1
300,390,0,55,0.1
300,387,0,55,0.1
300,384,0,55,0.1
300,381,0,55,0.1
300,378,0,55,0.1
300,375,0,55,0.1
300,372,0,55,0.1
300,369,0,55,0.1
300,366,0,55,0.1
300,363,0,55,0.1
300,360,0,55,0.1
300,357,0,55,0.1
300,354,0,55,0.1
300,351,0,55,0.1
300,348,0,55,0.1
300,345,0,55,0.1
300,342,0,55,0.1
300,339,0,55,0.1
300,336,0,55,0.1
300,333,0,55,0.1
300,330,0,55,0.1
300,327,0,55,0.1
300,324,0,55,0.1
300,321,0,55,0.1
300,318,0,55,0.1
300,315,0,55,0.1
300,312,0,55,0.1
300,309,0,55,0.1
300,306,0,55,0.1
300,303,0,55,0.1
300,300,0,55,0.1
293,297,-7.5,55,0.1
286,294,-7.0,55,0.1
280,291,-6.5,55,0.1
274,288,-6.0,55,0.1
269,285,-5.5,55,0.1
264,282,-5.0,55,0.1
260,279,-4.5,55,0.1
256,276,-4.0,55,0.1
253,273,-3.5,55,0.1
250,270,-3.0,55,0.1
248,267,-2.5,55,0.1
246,264,-2.0,55,0.1
245,261,-1.5,55,0.1
244,258,-1.0,55,0.1
244,255,-0.5,55,0.1
244,252,0.0,55,0.1
245,249,0.5,55,0.1
246,246,1.0,55,0.1
248,243,1.5,55,0.1
241,240,-7.5,55,0.1
234,237,-7.0,55,0.1
228,234,-6.5,55,0.1
222,231,-6.0,55,0.1
217,228,-5.5,55,0.1
212,225,-5.0,55,0.1
208,222,-4.5,55,0.1
204,219,-4.0,55,0.1
201,216,-3.5,55,0.1
198,213,-3.0,55,0.1
196,210,-2.5,55,0.1
194,207,-2.0,55,0.1
193,204,-1.5,55,0.1
186,201,-7.5,55,0.1
179,198,-7.0,55,0.1
173,195,-6.5,55,0.1
167,192,-6.0,55,0.1
162,189,-5.5,55,0.1
157,186,-5.0,55,0.1
153,183,-4.5,55,0.1
149,180,-4.0,55,0.1
146,177,-3.5,55,0.1
143,174,-3.0,55,0.1
141,171,-2.5,55,0.1
139,168,-2.0,55,0.1
138,165,-1.5,55,0.1
137,162,-1.0,55,0.1
137,159,-0.5,55,0.1
137,156,0.0,55,0.1
138,153,0.5,55,0.1
139,150,1.0,55,0.1
141,147,1.5,55,0.1
134,144,-7.5,55,0.1
127,141,-7.0,55,0.1
121,138,-6.5,55,0.1
115,135,-6.0,55,0.1
110,132,-5.5,55,0.1
105,129,-5.0,55,0.1
101,126,-4.5,55,0.1
97,123,-4.0,55,0.1
94,120,-3.5,55,0.1
91,117,-3.0,55,0.1
89,114,-2.5,55,0.1
87,111,-2.0,55,0.1
86,108,-1.5,55,0.1
85,105,-1.0,55,0.1
85,102,-0.5,55,0.1
85,99,0.0,55,0.1
86,96,0.5,55,0.1
87,93,1.0,55,0.1
89,90,1.5,55,0.1
91,87,2.0,55,0.1
94,84,2.5,55,0.1
97,81,3.0,55,0.1
101,78,3.5,55,0.1
105,75,4.0,55,0.1
110,72,4.5,55,0.1
115,69,5.0,55,0.1
121,66,5.5,55,0.1
127,63,6.0,55,0.1
134,60,6.5,55,0.1
141,57,7.0,55,0.1
134,54,-7.5,55,0.1
127,51,-7.0,55,0.1
121,48,-6.5,55,0.1
115,45,-6.0,55,0.1
110,42,-5.5,55,0.1
105,39,-5.0,55,0.1
101,36,-4.5,55,0.1
97,33,-4.0,55,0.1
94,30,-3.5,55,0.1
91,27,-3.0,55,0.1
89,24,-2.5,55,0.1
87,21,-2.0,55,0.1
86,18,-1.5,55,0.1
85,15,-1.0,55,0.1
85,12,-0.5,55,0.1
85,9,0.0,55,0.1
86,6,0.5,55,0.1
87,3,1.0,55,0.1
89,0,1.5,55,0.1
91,-3,2.0,55,0.1
94,-6,2.5,55,0.1
97,-9,3.0,55,0.1
101,-12,3.5,55,0.1
105,-15,4.0,55,0.1
110,-18,4.5,55,0.1
115,-21,5.0,55,0.1
121,-24,5.5,55,0.1
127,-27,6.0,55,0.1
134,-30,6.5,55,0.1
141,-33,7.0,55,0.1
149,-36,7.5,55,0.1
157,-39,8.0,55,0.1
166,-42,8.5,55,0.1
175,-45,9.0,55,0.1
185,-48,9.5,55,0.1
195,300,10.0,89,0.1
188,297,-7.5,89,0.1
181,294,-7.0,89,0.1
175,291,-6.5,89,0.1
169,288,-6.0,89,0.1
164,285,-5.5,89,0.1
159,282,-5.0,89,0.1
155,279,-4.5,89,0.1
151,276,-4.0,89,0.1
148,273,-3.5,89,0.1
145,270,-3.0,89,0.1
143,267,-2.5,89,0.1
141,264,-2.0,89,0.1
140,261,-1.5,89,0.1
139,258,-1.0,89,0.1
139,255,-0.5,89,0.1
139,252,0.0,89,0.1
140,249,0.5,89,0.1
141,246,1.0,89,0.1
143,243,1.5,89,0.1
145,240,2.0,89,0.1
148,237,2.5,89,0.1
151,234,3.0,89,0.1
155,231,3.5,89,0.1
159,228,4.0,89,0.1
164,225,4.5,89,0.1
169,222,5.0,89,0.1
175,219,5.5,89,0.1
181,216,6.0,89,0.1
174,213,-7.5,89,0.1
167,210,-7.0,89,0.1
161,207,-6.5,89,0.1
155,204,-6.0,89,0.1
150,201,-5.5,89,0.1
145,198,-5.0,89,0.1
141,195,-4.5,89,0.1
137,192,-4.0,89,0.1
134,189,-3.5,89,0.1
131,186,-3.0,89,0.1
129,183,-2.5,89,0.1
127,180,-2.0,89,0.1
126,177,-1.5,89,0.1
125,174,-1.0,89,0.1
125,171,-0.5,89,0.1
125,168,0.0,89,0.1
126,165,0.5,89,0.1
127,162,1.0,89,0.1
129,159,1.5,89,0.1
131,156,2.0,89,0.1
134,153,2.5,89,0.1
137,150,3.0,89,0.1
141,147,3.5,89,0.1
145,144,4.0,89,0.1
150,141,4.5,89,0.1
155,138,5.0,89,0.1
161,135,5.5,89,0.1
167,132,6.0,89,0.1
174,129,6.5,89,0.1
167,126,-7.5,89,0.1
160,123,-7.0,89,0.1
154,120,-6.5,89,0.1
148,117,-6.0,89,0.1
143,114,-5.5,89,0.1
138,111,-5.0,89,0.1
134,108,-4.5,89,0.1
130,105,-4.0,89,0.1
127,102,-3.5,89,0.1
124,99,-3.0,89,0.1
122,96,-2.5,89,0.1
120,93,-2.0,89,0.1
119,90,-1.5,89,0.1
118,87,-1.0,89,0.1
118,84,-0.5,89,0.1
118,81,0.0,89,0.1
119,78,0.5,89,0.1
120,75,1.0,89,0.1
122,72,1.5,89,0.1
124,69,2.0,89,0.1
127,66,2.5,89,0.1
130,63,3.0,89,0.1
134,60,3.5,89,0.1
138,57,4.0,89,0.1
143,54,4.5,89,0.1
136,51,-7.5,89,0.1
129,48,-7.0,89,0.1
123,45,-6.5,89,0.1
117,42,-6.0,89,0.1
112,39,-5.5,89,0.1
107,36,-5.0,89,0.1
103,33,-4.5,89,0.1
99,30,-4.0,89,0.1
96,27,-3.5,89,0.1
93,24,-3.0,89,0.1
91,21,-2.5,89,0.1
89,18,-2.0,89,0.1
88,15,-1.5,89,-1
300,597,0,359,0.1
300,594,0,359,0.1
300,591,0,359,0.1
300,588,0,359,0.1
300,585,0,359,0.1
300,582,0,359,0.1
300,579,0,359,0.1
300,576,0,359,0.1
300,573,0,359,0.1
300,570,0,359,0.1
300,567,0,359,0.1
300,564,0,359,0.1
300,561,0,359,0.1
300,558,0,359,0.1
300,555,0,359,0.1
300,552,0,359,0.1
300,549,0,359,0.1
300,546,0,359,0.1
300,543,0,359,0.1
300,540,0,359,0.1
300,537,0,359,0.1
300,534,0,359,0.1
293,531,-7.5,359,0.1
286,528,-7.0,359,0.1
280,525,-6.5,359,0.1
274,522,-6.0,359,0.1
269,519,-5.5,359,0.1
264,516,-5.0,359,0.1
260,513,-4.5,359,0.1
256,510,-4.0,359,0.1
253,507,-3.5,359,0.1
250,504,-3.0,359,0.1
248,501,-2.5,359,0.1
246,498,-2.0,359,0.1
245,495,-1.5,359,0.1
244,492,-1.0,359,0.1
244,489,-0.5,359,0.1
244,486,0.0,359,0.1
245,483,0.5,359,0.1
246,480,1.0,359,0.1
248,477,1.5,359,0.1
250,474,2.0,359,0.1
253,471,2.5,359,0.1
256,468,3.0,359,0.1
260,465,3.5,359,0.1
264,462,4.0,359,0.1
269,459,4.5,359,0.1
274,456,5.0,359,0.1
280,453,5.5,359,0.1
286,450,6.0,359,0.1
293,447,6.5,359,0.1
300,444,7.0,359,0.1
308,441,7.5,359,0.1
316,438,8.0,359,0.1
325,435,8.5,359,0.1
334,432,9.0,359,0.1
344,429,9.5,359,0.1
354,426,10.0,359,0.1
365,423,10.5,359,0.1
376,420,11.0,359,0.1
388,417,11.5,359,0.1
400,414,12.0,359,0.1
393,411,-7.5,359,0.1
386,408,-7.0,359,0.1
380,405,-6.5,359,0.1
374,402,-6.0,359,0.1
369,399,-5.5,359,0.1
364,396,-5.0,359,0.1
360,393,-4.5,359,0.1
356,390,-4.0,359,0.1
353,387,-3.5,359,0.1
350,384,-3.0,359,0.1
348,381,-2.5,359,0.1
346,378,-2.0,359,0.1
345,375,-1.5,359,0.1
344,372,-1.0,359,0.1
344,369,-0.5,359,0.1
344,366,0.0,359,0.1
345,363,0.5,359,0.1
346,360,1.0,359,0.1
348,357,1.5,359,0.1
350,354,2.0,359,0.1
353,351,2.5,359,0.1
356,348,3.0,359,0.1
360,345,3.5,359,0.1
364,342,4.0,359,0.1
369,339,4.5,359,0.1
374,336,5.0,359,0.1
380,333,5.5,359,0.1
386,330,6.0,359,0.1
393,327,6.5,359,0.1
400,324,7.0,359,0.1
408,321,7.5,359,0.1
401,318,-7.5,359,0.1
394,315,-7.0,359,0.1
388,312,-6.5,359,0.1
382,309,-6.0,359,0.1
377,306,-5.5,359,0.1
372,303,-5.0,359,0.1
368,300,-4.5,359,0.1
364,297,-4.0,359,0.1
361,294,-3.5,359,0.1
358,291,-3.0,359,0.1
356,288,-2.5,359,0.1
354,285,-2.0,359,0.1
353,282,-1.5,359,0.1
352,279,-1.0,359,0.1
352,276,-0.5,359,0.1
352,273,0.0,359,0.1
353,270,0.5,359,0.1
354,267,1.0,359,0.1
356,264,1.5,359,0.1
358,261,2.0,359,0.1
361,258,2.5,359,0.1
364,255,3.0,359,0.1
368,252,3.5,359,0.1
372,249,4.0,359,0.1
377,246,4.5,359,0.1
382,243,5.0,359,0.1
388,240,5.5,359,0.1
394,237,6.0,359,0.1
401,234,6.5,359,0.1
408,231,7.0,359,0.1
416,228,7.5,359,0.1
424,225,8.0,359,0.1
433,222,8.5,359,0.1
426,219,-7.5,359,0.1
419,216,-7.0,359,0.1
413,213,-6.5,359,0.1
407,210,-6.0,359,0.1
402,207,-5.5,359,0.1
397,204,-5.0,359,0.1
393,201,-4.5,359,0.1
389,198,-4.0,359,0.1
386,195,-3.5,359,0.1
383,192,-3.0,359,0.1
381,189,-2.5,359,0.1
379,186,-2.0,359,0.1
378,183,-1.5,359,0.1
377,180,-1.0,359,0.1
377,177,-0.5,359,0.1
377,174,0.0,359,0.1
378,171,0.5,359,0.1
379,168,1.0,359,0.1
381,165,1.5,359,0.1
383,162,2.0,359,0.1
386,159,2.5,359,0.1
389,156,3.0,359,0.1
393,153,3.5,359,0.1
397,150,4.0,359,0.1
402,147,4.5,359,0.1
407,144,5.0,359,0.1
413,141,5.5,359,0.1
419,138,6.0,359,0.1
412,135,-7.5,359,0.1
405,132,-7.0,359,0.1
399,129,-6.5,359,0.1
393,126,-6.0,359,0.1
388,123,-5.5,359,0.1
383,120,-5.0,359,0.1
379,117,-4.5,359,0.1
375,114,-4.0,359,0.1
372,111,-3.5,359,0.1
365,108,-7.5,359,0.1
358,105,-7.0,359,0.1
352,102,-6.5,359,0.1
346,99,-6.0,359,0.1
341,96,-5.5,359,0.1
336,93,-5.0,359,0.1
332,90,-4.5,359,0.1
328,87,-4.0,359,0.1
325,84,-3.5,359,0.1
322,81,-3.0,359,0.1
320,78,-2.5,359,-1
300,597,0,88,0.1
300,594,0,88,0.1
300,591,0,88,0.1
300,588,0,88,0.1
300,585,0,88,0.1
300,582,0,88,0.1
300,579,0,88,0.1
300,576,0,88,0.1
300,573,0,88,0.1
300,570,0,88,0.1
300,567,0,88,0.1
300,564,0,88,0.1
300,561,0,88,0.1
300,558,0,88,0.1
300,555,0,88,0.1
300,552,0,88,0.1
300,549,0,88,0.1
300,546,0,88,0.1
300,543,0,88,0.1
300,540,0,88,0.1
300,537,0,88,0.1
300,534,0,88,0.1
300,531,0,88,0.1
300,528,0,88,0.1
300,525,0,88,0.1
300,522,0,88,0.1
293,519,-7.5,88,0.1
286,516,-7.0,88,0.1
280,513,-6.5,88,0.1
274,510,-6.0,88,0.1
269,507,-5.5,88,0.1
264,504,-5.0,88,0.1
260,501,-4.5,88,0.1
256,498,-4.0,88,0.1
253,495,-3.5,88,0.1
250,492,-3.0,88,0.1
248,489,-2.5,88,0.1
246,486,-2.0,88,0.1
245,483,-1.5,88,0.1
244,480,-1.0,88,0.1
244,477,-0.5,88,0.1
244,474,0.0,88,0.1
245,471,0.5,88,0.1
246,468,1.0,88,0.1
248,465,1.5,88,0.1
250,462,2.0,88,0.1
253,459,2.5,88,0.1
256,456,3.0,88,0.1
260,453,3.5,88,0.1
264,450,4.0,88,0.1
269,447,4.5,88,0.1
274,444,5.0,88,0.1
280,441,5.5,88,0.1
286,438,6.0,88,0.1
293,435,6.5,88,0.1
300,432,7.0,88,0.1
308,429,7.5,88,0.1
316,426,8.0,88,0.1
325,423,8.5,88,0.1
334,420,9.0,88,0.1
344,417,9.5,88,0.1
354,414,10.0,88,0.1
365,411,10.5,88,0.1
376,408,11.0,88,0.1
388,405,11.5,88,0.1
400,402,12.0,88,0.1
413,399,12.5,88,0.1
426,396,13.0,88,0.1
440,393,13.5,88,0.1
454,390,14.0,88,0.1
469,387,14.5,88,0.1
484,384,15.0,88,0.1
500,381,15.5,88,0.1
516,378,16.0,88,0.1
533,375,16.5,88,0.1
550,372,17.0,88,0.1
568,369,17.5,88,0.1
586,366,18.0,88,0.1
605,363,18.5,88,0.1
624,360,19.0,88,0.1
644,357,19.5,88,0.1
664,354,20.0,88,0.1
685,351,20.5,88,0.1
706,348,21.0,88,0.1
728,345,21.5,88,0.1
750,342,22.0,88,0.1
773,339,22.5,88,0.1
796,336,23.0,88,0.1
820,333,23.5,88,0.1
844,330,24.0,88,0.1
869,327,24.5,88,0.1
894,324,25.0,88,0.1
920,321,25.5,88,0.1
946,318,26.0,88,0.1
973,315,26.5,88,0.1
1000,312,27.0,88,0.1
1028,309,27.5,88,0.1
1056,306,28.0,88,0.1
1049,303,-7.5,88,0.1
1042,300,-7.0,88,0.1
1036,297,-6.5,88,0.1
1030,294,-6.0,88,0.1
1025,291,-5.5,88,0.1
1020,288,-5.0,88,0.1
1016,285,-4.5,88,0.1
1012,282,-4.0,88,0.1
1009,279,-3.5,88,0.1
1006,276,-3.0,88,0.1
1004,273,-2.5,88,0.1
1002,270,-2.0,88,0.1
1001,267,-1.5,88,0.1
1000,264,-1.0,88,0.1
1000,261,-0.5,88,0.1
1000,258,0.0,88,0.1
1001,255,0.5,88,0.1
1002,252,1.0,88,0.1
1004,249,1.5,88,0.1
1006,246,2.0,88,0.1
999,243,-7.5,88,0.1
992,240,-7.0,88,0.1
986,237,-6.5,88,0.1
980,234,-6.0,88,0.1
975,231,-5.5,88,0.1
968,228,-7.5,88,0.1
961,225,-7.0,88,0.1
955,222,-6.5,88,0.1
949,219,-6.0,88,0.1
944,216,-5.5,88,0.1
937,213,-7.5,88,0.1
930,210,-7.0,88,0.1
924,207,-6.5,88,0.1
918,204,-6.0,88,0.1
913,201,-5.5,88,0.1
906,198,-7.5,88,0.1
899,195,-7.0,88,0.1
893,192,-6.5,88,0.1
887,189,-6.0,88,0.1
882,186,-5.5,88,0.1
877,183,-5.0,88,0.1
870,180,-7.5,88,0.1
863,177,-7.0,88,0.1
857,174,-6.5,88,0.1
851,171,-6.0,88,0.1
846,168,-5.5,88,0.1
841,165,-5.0,88,0.1
834,162,-7.5,88,0.1
827,159,-7.0,88,0.1
821,156,-6.5,88,0.1
815,153,-6.0,88,0.1
810,150,-5.5,88,0.1
803,147,-7.5,88,0.1
796,144,-7.0,88,0.1
790,141,-6.5,88,0.1
784,138,-6.0,88,0.1
779,135,-5.5,88,0.1
772,132,-7.5,88,0.1
765,129,-7.0,88,0.1
759,126,-6.5,88,0.1
753,123,-6.0,88,0.1
748,120,-5.5,88,0.1
741,117,-7.5,88,0.1
734,114,-7.0,88,0.1
728,111,-6.5,88,0.1
722,108,-6.0,88,0.1
717,105,-5.5,88,0.1
710,102,-7.5,88,0.1
703,99,-7.0,88,0.1
697,96,-6.5,88,0.1
691,93,-6.0,88,0.1
686,90,-5.5,88,0.1
679,87,-7.5,88,0.1
672,84,-7.0,88,0.1
666,81,-6.5,88,0.1
660,78,-6.0,88,0.1
655,75,-5.5,88,0.1
648,72,-7.5,88,0.1
641,69,-7.0,88,0.1
635,66,-6.5,88,0.1
629,63,-6.0,88,0.1
624,60,-5.5,88,0.1
619,57,-5.0,88,0.1
612,54,-7.5,88,0.1
605,51,-7.0,88,0.1
599,48,-6.5,88,-1
300,597,0,83,0.1
300,594,0,83,0.1
300,591,0,83,0.1
300,588,0,83,0.1
300,585,0,83,0.1
300,582,0,83,0.1
300,579,0,83,0.1
300,576,0,83,0.1
300,573,0,83,0.1
300,570,0,83,0.1
300,567,0,83,0.1
300,564,0,83,0.1
300,561,0,83,0.1
300,558,0,83,0.1
300,555,0,83,0.1
300,552,0,83,0.1
300,549,0,83,0.1
300,546,0,83,0.1
300,543,0,83,0.1
300,540,0,83,0.1
300,537,0,83,0.1
300,534,0,83,0.1
300,531,0,83,0.1
300,528,0,83,0.1
300,525,0,83,0.1
300,522,0,83,0.1
300,519,0,83,0.1
300,516,0,83,0.1
300,513,0,83,0.1
300,510,0,83,0.1
300,507,0,83,0.1
300,504,0,83,0.1
300,501,0,83,0.1
300,498,0,83,0.1
300,495,0,83,0.1
300,492,0,83,0.1
300,489,0,83,0.1
300,486,0,83,0.1
300,483,0,83,0.1
300,480,0,83,0.1
300,477,0,83,0.1
300,474,0,83,0.1
300,471,0,83,0.1
300,468,0,83,0.1
300,465,0,83,0.1
300,462,0,83,0.1
300,459,0,83,0.1
300,456,0,83,0.1
300,453,0,83,0.1
300,450,0,83,0.1
300,447,0,83,0.1
300,444,0,83,0.1
300,441,0,83,0.1
300,438,0,83,0.1
300,435,0,83,0.1
300,432,0,83,0.1
300,429,0,83,0.1
300,426,0,83,0.1
300,423,0,83,0.1
300,420,0,83,0.1
300,417,0,83,0.1
300,414,0,83,0.1
300,411,0,83,0.1
300,408,0,83,0.1
300,405,0,83,0.1
300,402,0,83,0.1
300,399,0,83,0.1
300,396,0,83,0.1
293,393,-7.5,83,0.1
286,390,-7.0,83,0.1
280,387,-6.5,83,0.1
274,384,-6.0,83,0.1
269,381,-5.5,83,0.1
264,378,-5.0,83,0.1
260,375,-4.5,83,0.1
256,372,-4.0,83,0.1
253,369,-3.5,83,0.1
250,366,-3.0,83,0.1
248,363,-2.5,83,0.1
246,360,-2.0,83,0.1
245,357,-1.5,83,0.1
244,354,-1.0,83,0.1
244,351,-0.5,83,0.1
244,348,0.0,83,0.1
245,345,0.5,83,0.1
246,342,1.0,83,0.1
248,339,1.5,83,0.1
250,336,2.0,83,0.1
253,333,2.5,83,0.1
256,330,3.0,83,0.1
260,327,3.5,83,0.1
264,324,4.0,83,0.1
269,321,4.5,83,0.1
274,318,5.0,83,0.1
280,315,5.5,83,0.1
286,312,6.0,83,0.1
293,309,6.5,83,0.1
300,306,7.0,83,0.1
308,303,7.5,83,0.1
316,300,8.0,83,0.1
325,297,8.5,83,0.1
334,294,9.0,83,0.1
344,291,9.5,83,0.1
354,288,10.0,83,0.1
365,285,10.5,83,0.1
376,282,11.0,83,0.1
388,279,11.5,83,0.1
400,276,12.0,83,0.1
413,273,12.5,83,0.1
426,270,13.0,83,0.1
440,267,13.5,83,0.1
454,264,14.0,83,0.1
469,261,14.5,83,0.1
484,258,15.0,83,0.1
500,255,15.5,83,0.1
493,252,-7.5,83,0.1
486,249,-7.0,83,0.1
480,246,-6.5,83,0.1
474,243,-6.0,83,0.1
469,240,-5.5,83,0.1
464,237,-5.0,83,0.1
460,234,-4.5,83,0.1
456,231,-4.0,83,0.1
453,228,-3.5,83,0.1
450,225,-3.0,83,0.1
448,222,-2.5,83,0.1
446,219,-2.0,83,0.1
445,216,-1.5,83,0.1
444,213,-1.0,83,0.1
444,210,-0.5,83,0.1
444,207,0.0,83,0.1
445,204,0.5,83,0.1
446,201,1.0,83,0.1
448,198,1.5,83,0.1
450,195,2.0,83,0.1
453,192,2.5,83,0.1
456,189,3.0,83,0.1
460,186,3.5,83,0.1
464,183,4.0,83,0.1
469,180,4.5,83,0.1
474,177,5.0,83,0.1
480,174,5.5,83,0.1
486,171,6.0,83,0.1
493,168,6.5,83,0.1
486,165,-7.5,83,0.1
479,162,-7.0,83,0.1
473,159,-6.5,83,0.1
467,156,-6.0,83,0.1
462,153,-5.5,83,0.1
457,150,-5.0,83,0.1
453,147,-4.5,83,0.1
449,144,-4.0,83,0.1
446,141,-3.5,83,0.1
443,138,-3.0,83,0.1
441,135,-2.5,83,0.1
439,132,-2.0,83,0.1
438,129,-1.5,83,0.1
437,126,-1.0,83,0.1
437,123,-0.5,83,0.1
437,120,0.0,83,0.1
430,117,-7.5,83,0.1
423,114,-7.0,83,0.1
417,111,-6.5,83,0.1
411,108,-6.0,83,0.1
406,105,-5.5,83,0.1
401,102,-5.0,83,0.1
397,99,-4.5,83,0.1
393,96,-4.0,83,0.1
390,93,-3.5,83,0.1
387,90,-3.0,83,0.1
385,87,-2.5,83,0.1
383,84,-2.0,83,0.1
382,81,-1.5,83,0.1
381,78,-1.0,83,-1
300,597,0,335,0.1
300,594,0,335,0.1
300,591,0,335,0.1
300,588,0,335,0.1
300,585,0,335,0.1
300,582,0,335,0.1
300,579,0,335,0.1
300,576,0,335,0.1
300,573,0,335,0.1
300,570,0,335,0.1
300,567,0,335,0.1
300,564,0,335,0.1
300,561,0,335,0.1
300,558,0,335,0.1
300,555,0,335,0.1
300,552,0,335,0.1
300,549,0,335,0.1
300,546,0,335,0.1
300,543,0,335,0.1
300,540,0,335,0.1
300,537,0,335,0.1
300,534,0,335,0.1
300,531,0,335,0.1
300,528,0,335,0.1
300,525,0,335,0.1
300,522,0,335,0.1
300,519,0,335,0.1
300,516,0,335,0.1
300,513,0,335,0.1
300,510,0,335,0.1
300,507,0,335,0.1
300,504,0,335,0.1
300,501,0,335,0.1
300,498,0,335,0.1
300,495,0,335,0.1
300,492,0,335,0.1
300,489,0,335,0.1
300,486,0,335,0.1
300,483,0,335,0.1
300,480,0,335,0.1
300,477,0,335,0.1
300,474,0,335,0.1
300,471,0,335,0.1
300,468,0,335,0.1
300,465,0,335,0.1
300,462,0,335,0.1
300,459,0,335,0.1
293,456,-7.5,335,0.1
286,453,-7.0,335,0.1
280,450,-6.5,335,0.1
274,447,-6.0,335,0.1
269,444,-5.5,335,0.1
264,441,-5.0,335,0.1
260,438,-4.5,335,0.1
256,435,-4.0,335,0.1
253,432,-3.5,335,0.1
250,429,-3.0,335,0.1
248,426,-2.5,335,0.1
246,423,-2.0,335,0.1
245,420,-1.5,335,0.1
244,417,-1.0,335,0.1
244,414,-0.5,335,0.1
244,411,0.0,335,0.1
245,408,0.5,335,0.1
246,405,1.0,335,0.1
248,402,1.5,335,0.1
250,399,2.0,335,0.1
253,396,2.5,335,0.1
256,393,3.0,335,0.1
260,390,3.5,335,0.1
264,387,4.0,335,0.1
269,384,4.5,335,0.1
274,381,5.0,335,0.1
280,378,5.5,335,0.1
286,375,6.0,335,0.1
293,372,6.5,335,0.1
300,369,7.0,335,0.1
308,366,7.5,335,0.1
316,363,8.0,335,0.1
325,360,8.5,335,0.1
334,357,9.0,335,0.1
344,354,9.5,335,0.1
354,351,10.0,335,0.1
365,348,10.5,335,0.1
376,345,11.0,335,0.1
388,342,11.5,335,0.1
400,339,12.0,335,0.1
413,336,12.5,335,0.1
426,333,13.0,335,0.1
440,330,13.5,335,0.1
454,327,14.0,335,0.1
469,324,14.5,335,0.1
484,321,15.0,335,0.1
500,318,15.5,335,0.1
516,315,16.0,335,0.1
533,312,16.5,335,0.1
550,309,17.0,335,0.1
568,306,17.5,335,0.1
586,303,18.0,335,0.1
605,300,18.5,335,0.1
624,297,19.0,335,0.1
644,294,19.5,335,0.1
664,291,20.0,335,0.1
685,288,20.5,335,0.1
706,285,21.0,335,0.1
728,282,21.5,335,0.1
750,279,22.0,335,0.1
773,276,22.5,335,0.1
796,273,23.0,335,0.1
820,270,23.5,335,0.1
844,267,24.0,335,0.1
869,264,24.5,335,0.1
894,261,25.0,335,0.1
920,258,25.5,335,0.1
946,255,26.0,335,0.1
973,252,26.5,335,0.1
1000,249,27.0,335,0.1
1028,246,27.5,335,0.1
1056,243,28.0,335,0.1
1085,240,28.5,335,0.1
1114,237,29.0,335,0.1
1144,234,29.5,335,0.1
1174,231,30.0,335,0.1
1205,228,30.5,335,0.1
1236,225,31.0,335,0.1
1268,222,31.5,335,0.1
1300,219,32.0,335,0.1
1333,216,32.5,335,0.1
1366,213,33.0,335,0.1
1400,210,33.5,335,0.1
1434,207,34.0,335,0.1
1469,204,34.5,335,0.1
1504,201,35.0,335,0.1
1540,198,35.5,335,0.1
1576,195,36.0,335,0.1
1613,192,36.5,335,0.1
1650,189,37.0,335,0.1
1688,186,37.5,335,0.1
1726,183,38.0,335,0.1
1765,180,38.5,335,0.1
1804,177,39.0,335,0.1
1844,174,39.5,335,0.1
1884,171,40.0,335,0.1
1925,168,40.5,335,0.1
1966,165,41.0,335,0.1
2008,162,41.5,335,0.1
2050,159,42.0,335,0.1
2093,156,42.5,335,0.1
2136,153,43.0,335,0.1
2180,150,43.5,335,0.1
2224,147,44.0,335,0.1
2269,144,44.5,335,0.1
2314,141,45.0,335,0.1
2360,138,45.5,335,0.1
2406,135,46.0,335,0.1
2453,132,46.5,335,0.1
2500,129,47.0,335,0.1
2548,126,47.5,335,0.1
2596,123,48.0,335,0.1
2645,120,48.5,335,0.1
2694,117,49.0,335,0.1
2744,114,49.5,335,0.1
2794,111,50.0,335,0.1
2845,108,50.5,335,0.1
2896,105,51.0,335,0.1
2948,102,51.5,335,0.1
3000,99,52.0,335,0.1
3053,96,52.5,335,0.1
3106,93,53.0,335,0.1
3160,90,53.5,335,0.1
3214,87,54.0,335,0.1
3269,84,54.5,335,0.1
3324,81,55.0,335,0.1
300,597,0,154,0.1
300,594,0,154,0.1
300,591,0,154,0.1
300,588,0,154,0.1
300,585,0,154,0.1
300,582,0,154,0.1
300,579,0,154,0.1
300,576,0,154,0.1
300,573,0,154,0.1
300,570,0,154,0.1
300,567,0,154,0.1
300,564,0,154,0.1
300,561,0,154,0.1
300,558,0,154,0.1
300,555,0,154,0.1
300,552,0,154,0.1
300,549,0,154,0.1
300,546,0,154,0.1
300,543,0,154,0.1
300,540,0,154,0.1
300,537,0,154,0.1
300,534,0,154,0.1
300,531,0,154,0.1
293,528,-7.5,154,0.1
286,525,-7.0,154,0.1
280,522,-6.5,154,0.1
274,519,-6.0,154,0.1
269,516,-5.5,154,0.1
264,513,-5.0,154,0.1
260,510,-4.5,154,0.1
256,507,-4.0,154,0.1
253,504,-3.5,154,0.1
250,501,-3.0,154,0.1
248,498,-2.5,154,0.1
246,495,-2.0,154,0.1
245,492,-1.5,154,0.1
244,489,-1.0,154,0.1
244,486,-0.5,154,0.1
244,483,0.0,154,0.1
245,480,0.5,154,0.1
246,477,1.0,154,0.1
248,474,1.5,154,0.1
250,471,2.0,154,0.1
253,468,2.5,154,0.1
256,465,3.0,154,0.1
260,462,3.5,154,0.1
264,459,4.0,154,0.1
269,456,4.5,154,0.1
274,453,5.0,154,0.1
280,450,5.5,154,0.1
286,447,6.0,154,0.1
293,444,6.5,154,0.1
300,441,7.0,154,0.1
308,438,7.5,154,0.1
316,435,8.0,154,0.1
325,432,8.5,154,0.1
334,429,9.0,154,0.1
344,426,9.5,154,0.1
354,423,10.0,154,0.1
365,420,10.5,154,0.1
376,417,11.0,154,0.1
388,414,11.5,154,0.1
400,411,12.0,154,0.1
413,408,12.5,154,0.1
426,405,13.0,154,0.1
440,402,13.5,154,0.1
454,399,14.0,154,0.1
469,396,14.5,154,0.1
484,393,15.0,154,0.1
500,390,15.5,154,0.1
516,387,16.0,154,0.1
533,384,16.5,154,0.1
550,381,17.0,154,0.1
568,378,17.5,154,-1
300,597,0,380,0.1
300,594,0,380,0.1
300,591,0,380,0.1
300,588,0,380,0.1
300,585,0,380,0.1
300,582,0,380,0.1
300,579,0,380,0.1
300,576,0,380,0.1
300,573,0,380,0.1
300,570,0,380,0.1
300,567,0,380,0.1
300,564,0,380,0.1
300,561,0,380,0.1
300,558,0,380,0.1
300,555,0,380,0.1
300,552,0,380,0.1
300,549,0,380,0.1
300,546,0,380,0.1
300,543,0,380,0.1
300,540,0,380,0.1
300,537,0,380,0.1
300,534,0,380,0.1
300,531,0,380,0.1
300,528,0,380,0.1
300,525,0,380,0.1
300,522,0,380,0.1
300,519,0,380,0.1
300,516,0,380,0.1
300,513,0,380,0.1
300,510,0,380,0.1
300,507,0,380,0.1
300,504,0,380,0.1
293,501,-7.5,380,0.1
286,498,-7.0,380,0.1
280,495,-6.5,380,0.1
274,492,-6.0,380,0.1
269,489,-5.5,380,0.1
264,486,-5.0,380,0.1
260,483,-4.5,380,0.1
256,480,-4.0,380,0.1
253,477,-3.5,380,0.1
250,474,-3.0,380,0.1
248,471,-2.5,380,0.1
246,468,-2.0,380,0.1
245,465,-1.5,380,0.1
244,462,-1.0,380,0.1
244,459,-0.5,380,0.1
244,456,0.0,380,0.1
245,453,0.5,380,0.1
246,450,1.0,380,0.1
248,447,1.5,380,0.1
250,444,2.0,380,0.1
253,441,2.5,380,0.1
256,438,3.0,380,0.1
260,435,3.5,380,0.1
264,432,4.0,380,0.1
269,429,4.5,380,0.1
274,426,5.0,380,0.1
280,423,5.5,380,0.1
286,420,6.0,380,0.1
293,417,6.5,380,0.1
300,414,7.0,380,0.1
308,411,7.5,380,0.1
316,408,8.0,380,0.1
325,405,8.5,380,0.1
334,402,9.0,380,0.1
344,399,9.5,380,0.1
354,396,10.0,380,0.1
365,393,10.5,380,0.1
376,390,11.0,380,0.1
388,387,11.5,380,0.1
400,384,12.0,380,0.1
413,381,12.5,380,0.1
426,378,13.0,380,0.1
440,375,13.5,380,0.1
433,372,-7.5,380,0.1
426,369,-7.0,380,0.1
420,366,-6.5,380,0.1
414,363,-6.0,380,0.1
409,360,-5.5,380,0.1
404,357,-5.0,380,0.1
400,354,-4.5,380,0.1
396,351,-4.0,380,0.1
393,348,-3.5,380,0.1
390,345,-3.0,380,0.1
388,342,-2.5,380,0.1
386,339,-2.0,380,0.1
385,336,-1.5,380,0.1
384,333,-1.0,380,0.1
384,330,-0.5,380,0.1
384,327,0.0,380,0.1
385,324,0.5,380,0.1
386,321,1.0,380,0.1
388,318,1.5,380,0.1
390,315,2.0,380,0.1
393,312,2.5,380,0.1
396,309,3.0,380,0.1
400,306,3.5,380,0.1
404,303,4.0,380,0.1
409,300,4.5,380,0.1
414,297,5.0,380,0.1
420,294,5.5,380,0.1
426,291,6.0,380,0.1
419,288,-7.5,380,0.1
412,285,-7.0,380,0.1
406,282,-6.5,380,0.1
400,279,-6.0,380,0.1
395,276,-5.5,380,0.1
390,273,-5.0,380,0.1
386,270,-4.5,380,0.1
382,267,-4.0,380,0.1
379,264,-3.5,380,0.1
376,261,-3.0,380,0.1
374,258,-2.5,380,0.1
372,255,-2.0,380,0.1
371,252,-1.5,380,0.1
370,249,-1.0,380,0.1
370,246,-0.5,380,0.1
370,243,0.0,380,0.1
371,240,0.5,380,0.1
372,237,1.0,380,0.1
374,234,1.5,380,0.1
376,231,2.0,380,0.1
379,228,2.5,380,0.1
382,225,3.0,380,0.1
386,222,3.5,380,0.1
390,219,4.0,380,0.1
395,216,4.5,380,0.1
400,213,5.0,380,0.1
406,210,5.5,380,0.1
412,207,6.0,380,0.1
419,204,6.5,380,0.1
426,201,7.0,380,0.1
434,198,7.5,380,0.1
442,195,8.0,380,0.1
451,192,8.5,380,0.1
460,189,9.0,380,0.1
470,186,9.5,380,0.1
463,183,-7.5,380,0.1
456,180,-7.0,380,0.1
450,177,-6.5,380,0.1
444,174,-6.0,380,0.1
439,171,-5.5,380,0.1
434,168,-5.0,380,0.1
430,165,-4.5,380,0.1
426,162,-4.0,380,0.1
423,159,-3.5,380,0.1
420,156,-3.0,380,0.1
418,153,-2.5,380,0.1
416,150,-2.0,380,0.1
415,147,-1.5,380,0.1
414,144,-1.0,380,0.1
414,141,-0.5,380,0.1
414,138,0.0,380,0.1
415,135,0.5,380,0.1
416,132,1.0,380,0.1
418,129,1.5,380,0.1
420,126,2.0,380,0.1
423,123,2.5,380,0.1
426,120,3.0,380,0.1
430,117,3.5,380,0.1
434,114,4.0,380,0.1
439,111,4.5,380,0.1
444,108,5.0,380,0.1
437,105,-7.5,380,0.1
430,102,-7.0,380,0.1
424,99,-6.5,380,0.1
418,96,-6.0,380,0.1
413,93,-5.5,380,0.1
408,90,-5.0,380,0.1
404,87,-4.5,380,0.1
400,84,-4.0,380,0.1
397,81,-3.5,380,0.1
394,78,-3.0,380,0.1
392,75,-2.5,380,0.1
390,72,-2.0,380,0.1
389,69,-1.5,380,0.1
388,66,-1.0,380,0.1
388,63,-0.5,380,0.1
388,60,0.0,380,0.1
389,57,0.5,380,0.1
390,54,1.0,380,0.1
392,51,1.5,380,0.1
394,48,2.0,380,0.1
397,45,2.5,380,0.1
400,42,3.0,380,0.1
404,39,3.5,380,0.1
408,36,4.0,380,0.1
413,33,4.5,380,0.1
418,30,5.0,380,0.1
424,27,5.5,380,0.1
430,24,6.0,380,0.1
423,21,-7.5,380,0.1
416,18,-7.0,380,0.1
410,15,-6.5,380,0.1
404,12,-6.0,380,0.1
399,9,-5.5,380,0.1
394,6,-5.0,380,0.1
390,3,-4.5,380,0.1
386,0,-4.0,380,0.1
383,-3,-3.5,380,0.1
380,-6,-3.0,380,0.1
378,-9,-2.5,380,0.1
376,-12,-2.0,380,0.1
375,-15,-1.5,380,0.1
374,-18,-1.0,380,0.1
374,-21,-0.5,380,0.1
374,-24,0.0,380,0.1
375,-27,0.5,380,0.1
376,-30,1.0,380,0.1
378,-33,1.5,380,0.1
380,-36,2.0,380,0.1
383,-39,2.5,380,0.1
386,-42,3.0,380,0.1
379,-45,-7.5,380,0.1
372,-48,-7.0,380,0.1
366,300,-6.5,238,0.1
360,297,-6.0,238,0.1
355,294,-5.5,238,0.1
350,291,-5.0,238,0.1
346,288,-4.5,238,0.1
342,285,-4.0,238,0.1
339,282,-3.5,238,0.1
336,279,-3.0,238,0.1
334,276,-2.5,238,0.1
332,273,-2.0,238,0.1
331,270,-1.5,238,0.1
330,267,-1.0,238,0.1
330,264,-0.5,238,0.1
330,261,0.0,238,0.1
323,258,-7.5,238,0.1
316,255,-7.0,238,0.1
310,252,-6.5,238,0.1
304,249,-6.0,238,0.1
299,246,-5.5,238,0.1
294,243,-5.0,238,0.1
290,240,-4.5,238,0.1
286,237,-4.0,238,0.1
283,234,-3.5,238,0.1
280,231,-3.0,238,0.1
278,228,-2.5,238,0.1
276,225,-2.0,238,0.1
275,222,-1.5,238,0.1
274,219,-1.0,238,0.1
274,216,-0.5,238,0.1
274,213,0.0,238,0.1
275,210,0.5,238,0.1
276,207,1.0,238,0.1
278,204,1.5,238,0.1
280,201,2.0,238,0.1
283,198,2.5,238,0.1
286,195,3.0,238,0.1
290,192,3.5,238,0.1
294,189,4.0,238,0.1
299,186,4.5,238,0.1
304,183,5.0,238,0.1
310,180,5.5,238,0.1
316,177,6.0,238,0.1
309,174,-7.5,238,0.1
302,171,-7.0,238,0.1
296,168,-6.5,238,0.1
290,165,-6.0,238,0.1
285,162,-5.5,238,0.1
280,159,-5.0,238,0.1
276,156,-4.5,238,0.1
272,153,-4.0,238,0.1
269,150,-3.5,238,0.1
266,147,-3.0,238,0.1
264,144,-2.5,238,0.1
262,141,-2.0,238,0.1
261,138,-1.5,238,0.1
260,135,-1.0,238,0.1
260,132,-0.5,238,0.1
260,129,0.0,238,0.1
261,126,0.5,238,0.1
262,123,1.0,238,0.1
264,120,1.5,238,0.1
266,117,2.0,238,0.1
269,114,2.5,238,0.1
272,111,3.0,238,0.1
276,108,3.5,238,0.1
280,105,4.0,238,0.1
285,102,4.5,238,0.1
290,99,5.0,238,0.1
296,96,5.5,238,0.1
289,93,-7.5,238,0.1
282,90,-7.0,238,0.1
276,87,-6.5,238,0.1
270,84,-6.0,238,0.1
265,81,-5.5,238,0.1
260,78,-5.0,238,0.1
256,75,-4.5,238,0.1
252,72,-4.0,238,0.1
249,69,-3.5,238,0.1
246,66,-3.0,238,0.1
244,63,-2.5,238,0.1
242,60,-2.0,238,0.1
241,57,-1.5,238,0.1
240,54,-1.0,238,0.1
240,51,-0.5,238,0.1
240,48,0.0,238,0.1
241,45,0.5,238,0.1
242,42,1.0,238,0.1
244,39,1.5,238,0.1
246,36,2.0,238,0.1
249,33,2.5,238,0.1
252,30,3.0,238,0.1
256,27,3.5,238,0.1
260,24,4.0,238,0.1
265,21,4.5,238,0.1
270,18,5.0,238,0.1
276,15,5.5,238,0.1
282,12,6.0,238,0.1
275,9,-7.5,238,0.1
268,6,-7.0,238,0.1
262,3,-6.5,238,0.1
256,0,-6.0,238,0.1
251,-3,-5.5,238,0.1
246,-6,-5.0,238,0.1
242,-9,-4.5,238,0.1
238,-12,-4.0,238,0.1
235,-15,-3.5,238,0.1
228,-18,-7.5,238,0.1
221,-21,-7.0,238,0.1
215,-24,-6.5,238,0.1
209,-27,-6.0,238,0.1
204,-30,-5.5,238,0.1
199,-33,-5.0,238,0.1
195,-36,-4.5,238,0.1
191,-39,-4.0,238,0.1
184,-42,-7.5,238,0.1
177,-45,-7.0,238,0.1
171,-48,-6.5,238,0.1
165,300,-6.0,44,0.1
160,297,-5.5,44,0.1
155,294,-5.0,44,0.1
148,291,-7.5,44,0.1
141,288,-7.0,44,0.1
135,285,-6.5,44,0.1
129,282,-6.0,44,0.1
124,279,-5.5,44,0.1
119,276,-5.0,44,0.1
115,273,-4.5,44,0.1
111,270,-4.0,44,0.1
108,267,-3.5,44,0.1
105,264,-3.0,44,0.1
103,261,-2.5,44,0.1
101,258,-2.0,44,0.1
100,255,-1.5,44,0.1
99,252,-1.0,44,0.1
99,249,-0.5,44,0.1
99,246,0.0,44,0.1
100,243,0.5,44,0.1
101,240,1.0,44,0.1
103,237,1.5,44,0.1
105,234,2.0,44,0.1
108,231,2.5,44,0.1
111,228,3.0,44,0.1
115,225,3.5,44,0.1
119,222,4.0,44,0.1
124,219,4.5,44,0.1
129,216,5.0,44,0.1
135,213,5.5,44,0.1
141,210,6.0,44,0.1
134,207,-7.5,44,0.1
127,204,-7.0,44,0.1
121,201,-6.5,44,0.1
115,198,-6.0,44,0.1
110,195,-5.5,44,0.1
105,192,-5.0,44,0.1
101,189,-4.5,44,0.1
97,186,-4.0,44,0.1
94,183,-3.5,44,0.1
91,180,-3.0,44,0.1
89,177,-2.5,44,0.1
87,174,-2.0,44,0.1
86,171,-1.5,44,0.1
79,168,-7.5,44,0.1
72,165,-7.0,44,0.1
66,162,-6.5,44,0.1
60,159,-6.0,44,0.1
55,156,-5.5,44,0.1
50,153,-5.0,44,0.1
46,150,-4.5,44,0.1
42,147,-4.0,44,0.1
39,144,-3.5,44,0.1
36,141,-3.0,44,0.1
34,138,-2.5,44,0.1
32,135,-2.0,44,0.1
31,132,-1.5,44,0.1
30,129,-1.0,44,0.1
30,126,-0.5,44,0.1
30,123,0.0,44,0.1
31,120,0.5,44,0.1
32,117,1.0,44,0.1
34,114,1.5,44,0.1
36,111,2.0,44,0.1
39,108,2.5,44,0.1
42,105,3.0,44,0.1
46,102,3.5,44,0.1
50,99,4.0,44,0.1
55,96,4.5,44,0.1
60,93,5.0,44,0.1
66,90,5.5,44,0.1
72,87,6.0,44,0.1
79,84,6.5,44,0.1
86,81,7.0,44,0.1
94,78,7.5,44,0.1
102,75,8.0,44,0.1
111,72,8.5,44,0.1
120,69,9.0,44,0.1
130,66,9.5,44,0.1
140,63,10.0,44,-1
300,597,0,346,0.1
300,594,0,346,0.1
300,591,0,346,0.1
300,588,0,346,0.1
300,585,0,346,0.1
300,582,0,346,0.1
300,579,0,346,0.1
300,576,0,346,0.1
300,573,0,346,0.1
300,570,0,346,0.1
300,567,0,346,0.1
300,564,0,346,0.1
300,561,0,346,0.1
300,558,0,346,0.1
300,555,0,346,0.1
300,552,0,346,0.1
300,549,0,346,0.1
300,546,0,346,0.1
300,543,0,346,0.1
300,540,0,346,0.1
300,537,0,346,0.1
300,534,0,346,0.1
300,531,0,346,0.1
300,528,0,346,0.1
300,525,0,346,0.1
293,522,-7.5,346,0.1
286,519,-7.0,346,0.1
280,516,-6.5,346,0.1
274,513,-6.0,346,0.1
269,510,-5.5,346,0.1
264,507,-5.0,346,0.1
260,504,-4.5,346,0.1
256,501,-4.0,346,0.1
253,498,-3.5,346,0.1
250,495,-3.0,346,0.1
248,492,-2.5,346,0.1
246,489,-2.0,346,0.1
245,486,-1.5,346,0.1
244,483,-1.0,346,0.1
244,480,-0.5,346,0.1
244,477,0.0,346,0.1
245,474,0.5,346,0.1
246,471,1.0,346,0.1
248,468,1.5,346,0.1
250,465,2.0,346,0.1
253,462,2.5,346,0.1
256,459,3.0,346,0.1
260,456,3.5,346,0.1
264,453,4.0,346,0.1
269,450,4.5,346,0.1
274,447,5.0,346,0.1
280,444,5.5,346,0.1
286,441,6.0,346,0.1
293,438,6.5,346,0.1
300,435,7.0,346,0.1
308,432,7.5,346,0.1
316,429,8.0,346,0.1
325,426,8.5,346,0.1
334,423,9.0,346,0.1
344,420,9.5,346,0.1
354,417,10.0,346,0.1
365,414,10.5,346,0.1
358,411,-7.5,346,0.1
351,408,-7.0,346,0.1
345,405,-6.5,346,0.1
339,402,-6.0,346,0.1
334,399,-5.5,346,0.1
329,396,-5.0,346,0.1
325,393,-4.5,346,0.1
321,390,-4.0,346,0.1
318,387,-3.5,346,0.1
315,384,-3.0,346,0.1
313,381,-2.5,346,0.1
311,378,-2.0,346,0.1
310,375,-1.5,346,0.1
309,372,-1.0,346,0.1
309,369,-0.5,346,0.1
309,366,0.0,346,0.1
310,363,0.5,346,0.1
311,360,1.0,346,0.1
313,357,1.5,346,0.1
315,354,2.0,346,0.1
318,351,2.5,346,0.1
321,348,3.0,346,0.1
325,345,3.5,346,0.1
329,342,4.0,346,0.1
334,339,4.5,346,0.1
339,336,5.0,346,0.1
345,333,5.5,346,0.1
351,330,6.0,346,0.1
358,327,6.5,346,0.1
365,324,7.0,346,0.1
373,321,7.5,346,0.1
381,318,8.0,346,0.1
390,315,8.5,346,0.1
399,312,9.0,346,0.1
409,309,9.5,346,0.1
402,306,-7.5,346,0.1
395,303,-7.0,346,0.1
389,300,-6.5,346,0.1
383,297,-6.0,346,0.1
378,294,-5.5,346,0.1
373,291,-5.0,346,0.1
369,288,-4.5,346,0.1
365,285,-4.0,346,0.1
362,282,-3.5,346,0.1
359,279,-3.0,346,0.1
357,276,-2.5,346,0.1
355,273,-2.0,346,0.1
354,270,-1.5,346,0.1
353,267,-1.0,346,0.1
353,264,-0.5,346,0.1
353,261,0.0,346,0.1
354,258,0.5,346,0.1
355,255,1.0,346,0.1
357,252,1.5,346,0.1
359,249,2.0,346,0.1
362,246,2.5,346,0.1
365,243,3.0,346,0.1
369,240,3.5,346,0.1
373,237,4.0,346,0.1
378,234,4.5,346,0.1
383,231,5.0,346,0.1
389,228,5.5,346,0.1
395,225,6.0,346,0.1
402,222,6.5,346,0.1
409,219,7.0,346,0.1
417,216,7.5,346,0.1
425,213,8.0,346,0.1
418,210,-7.5,346,0.1
411,207,-7.0,346,0.1
405,204,-6.5,346,0.1
399,201,-6.0,346,0.1
394,198,-5.5,346,0.1
389,195,-5.0,346,0.1
385,192,-4.5,346,0.1
381,189,-4.0,346,0.1
378,186,-3.5,346,0.1
375,183,-3.0,346,0.1
373,180,-2.5,346,0.1
371,177,-2.0,346,0.1
370,174,-1.5,346,0.1
369,171,-1.0,346,0.1
369,168,-0.5,346,0.1
369,165,0.0,346,0.1
370,162,0.5,346,0.1
371,159,1.0,346,0.1
373,156,1.5,346,0.1
375,153,2.0,346,0.1
378,150,2.5,346,0.1
381,147,3.0,346,0.1
385,144,3.5,346,0.1
389,141,4.0,346,0.1
394,138,4.5,346,0.1
399,135,5.0,346,0.1
405,132,5.5,346,0.1
411,129,6.0,346,0.1
418,126,6.5,346,0.1
411,123,-7.5,346,0.1
404,120,-7.0,346,0.1
398,117,-6.5,346,0.1
392,114,-6.0,346,0.1
387,111,-5.5,346,0.1
382,108,-5.0,346,0.1
378,105,-4.5,346,0.1
374,102,-4.0,346,0.1
371,99,-3.5,346,0.1
368,96,-3.0,346,0.1
366,93,-2.5,346,0.1
364,90,-2.0,346,0.1
363,87,-1.5,346,0.1
362,84,-1.0,346,0.1
362,81,-0.5,346,0.1
362,78,0.0,346,0.1
363,75,0.5,346,0.1
364,72,1.0,346,0.1
366,69,1.5,346,0.1
368,66,2.0,346,0.1
371,63,2.5,346,0.1
374,60,3.0,346,0.1
378,57,3.5,346,0.1
382,54,4.0,346,0.1
387,51,4.5,346,0.1
392,48,5.0,346,0.1
398,45,5.5,346,0.1
404,42,6.0,346,0.1
397,39,-7.5,346,0.1
390,36,-7.0,346,0.1
384,33,-6.5,346,0.1
378,30,-6.0,346,0.1
373,27,-5.5,346,0.1
368,24,-5.0,346,0.1
364,21,-4.5,346,0.1
360,18,-4.0,346,0.1
357,15,-3.5,346,0.1
354,12,-3.0,346,0.1
352,9,-2.5,346,0.1
350,6,-2.0,346,0.1
349,3,-1.5,346,0.1
348,0,-1.0,346,0.1
348,-3,-0.5,346,0.1
348,-6,0.0,346,0.1
349,-9,0.5,346,0.1
350,-12,1.0,346,0.1
352,-15,1.5,346,0.1
354,-18,2.0,346,0.1
357,-21,2.5,346,0.1
360,-24,3.0,346,0.1
364,-27,3.5,346,0.1
368,-30,4.0,346,0.1
373,-33,4.5,346,0.1
378,-36,5.0,346,0.1
384,-39,5.5,346,0.1
390,-42,6.0,346,0.1
397,-45,6.5,346,0.1
404,-48,7.0,346,0.1
412,300,7.5,355,0.1
420,297,8.0,355,0.1
413,294,-7.5,355,0.1
406,291,-7.0,355,0.1
400,288,-6.5,355,0.1
394,285,-6.0,355,0.1
389,282,-5.5,355,0.1
384,279,-5.0,355,0.1
380,276,-4.5,355,0.1
376,273,-4.0,355,0.1
373,270,-3.5,355,0.1
370,267,-3.0,355,0.1
368,264,-2.5,355,0.1
366,261,-2.0,355,0.1
365,258,-1.5,355,0.1
364,255,-1.0,355,0.1
364,252,-0.5,355,0.1
364,249,0.0,355,0.1
365,246,0.5,355,0.1
366,243,1.0,355,0.1
368,240,1.5,355,0.1
370,237,2.0,355,0.1
373,234,2.5,355,0.1
376,231,3.0,355,0.1
380,228,3.5,355,0.1
384,225,4.0,355,0.1
389,222,4.5,355,0.1
394,219,5.0,355,0.1
400,216,5.5,355,0.1
406,213,6.0,355,0.1
413,210,6.5,355,0.1
420,207,7.0,355,0.1
428,204,7.5,355,0.1
436,201,8.0,355,0.1
429,198,-7.5,355,0.1
422,195,-7.0,355,0.1
416,192,-6.5,355,0.1
410,189,-6.0,355,0.1
405,186,-5.5,355,0.1
400,183,-5.0,355,0.1
396,180,-4.5,355,0.1
392,177,-4.0,355,0.1
389,174,-3.5,355,0.1
386,171,-3.0,355,0.1
384,168,-2.5,355,0.1
382,165,-2.0,355,0.1
381,162,-1.5,355,0.1
380,159,-1.0,355,0.1
380,156,-0.5,355,0.1
380,153,0.0,355,0.1
381,150,0.5,355,0.1
382,147,1.0,355,0.1
384,144,1.5,355,0.1
386,141,2.0,355,0.1
389,138,2.5,355,0.1
392,135,3.0,355,0.1
396,132,3.5,355,0.1
400,129,4.0,355,0.1
405,126,4.5,355,0.1
410,123,5.0,355,0.1
416,120,5.5,355,0.1
409,117,-7.5,355,0.1
402,114,-7.0,355,0.1
396,111,-6.5,355,0.1
390,108,-6.0,355,0.1
385,105,-5.5,355,0.1
380,102,-5.0,355,0.1
376,99,-4.5,355,0.1
372,96,-4.0,355,0.1
369,93,-3.5,355,0.1
366,90,-3.0,355,0.1
364,87,-2.5,355,0.1
362,84,-2.0,355,0.1
361,81,-1.5,355,0.1
360,78,-1.0,355,0.1
360,75,-0.5,355,0.1
360,72,0.0,355,0.1
361,69,0.5,355,0.1
362,66,1.0,355,0.1
364,63,1.5,355,0.1
366,60,2.0,355,0.1
369,57,2.5,355,0.1
372,54,3.0,355,0.1
376,51,3.5,355,0.1
380,48,4.0,355,0.1
385,45,4.5,355,0.1
390,42,5.0,355,0.1
396,39,5.5,355,0.1
402,36,6.0,355,0.1
409,33,6.5,355,0.1
416,30,7.0,355,0.1
424,27,7.5,355,0.1
417,24,-7.5,355,0.1
410,21,-7.0,355,0.1
404,18,-6.5,355,0.1
398,15,-6.0,355,0.1
393,12,-5.5,355,0.1
388,9,-5.0,355,0.1
384,6,-4.5,355,0.1
380,3,-4.0,355,0.1
377,0,-3.5,355,0.1
374,-3,-3.0,355,0.1
372,-6,-2.5,355,0.1
370,-9,-2.0,355,0.1
369,-12,-1.5,355,0.1
362,-15,-7.5,355,0.1
355,-18,-7.0,355,0.1
349,-21,-6.5,355,0.1
343,-24,-6.0,355,0.1
338,-27,-5.5,355,0.1
333,-30,-5.0,355,0.1
329,-33,-4.5,355,0.1
325,-36,-4.0,355,0.1
322,-39,-3.5,355,0.1
319,-42,-3.0,355,0.1
317,-45,-2.5,355,0.1
315,-48,-2.0,355,0.1
308,300,-7.5,269,0.1
301,297,-7.0,269,0.1
295,294,-6.5,269,0.1
289,291,-6.0,269,0.1
284,288,-5.5,269,0.1
279,285,-5.0,269,0.1
275,282,-4.5,269,0.1
271,279,-4.0,269,0.1
268,276,-3.5,269,0.1
265,273,-3.0,269,0.1
263,270,-2.5,269,0.1
261,267,-2.0,269,0.1
260,264,-1.5,269,0.1
259,261,-1.0,269,0.1
259,258,-0.5,269,0.1
259,255,0.0,269,0.1
260,252,0.5,269,0.1
261,249,1.0,269,0.1
263,246,1.5,269,0.1
265,243,2.0,269,0.1
268,240,2.5,269,0.1
271,237,3.0,269,0.1
275,234,3.5,269,0.1
279,231,4.0,269,0.1
284,228,4.5,269,0.1
289,225,5.0,269,0.1
295,222,5.5,269,0.1
301,219,6.0,269,0.1
308,216,6.5,269,0.1
315,213,7.0,269,0.1
323,210,7.5,269,0.1
331,207,8.0,269,0.1
324,204,-7.5,269,0.1
317,201,-7.0,269,0.1
311,198,-6.5,269,0.1
305,195,-6.0,269,0.1
300,192,-5.5,269,0.1
295,189,-5.0,269,0.1
291,186,-4.5,269,0.1
287,183,-4.0,269,0.1
284,180,-3.5,269,0.1
281,177,-3.0,269,0.1
279,174,-2.5,269,0.1
277,171,-2.0,269,0.1
276,168,-1.5,269,0.1
275,165,-1.0,269,0.1
275,162,-0.5,269,0.1
275,159,0.0,269,0.1
276,156,0.5,269,0.1
277,153,1.0,269,0.1
279,150,1.5,269,0.1
281,147,2.0,269,0.1
284,144,2.5,269,0.1
287,141,3.0,269,0.1
291,138,3.5,269,0.1
295,135,4.0,269,0.1
300,132,4.5,269,0.1
305,129,5.0,269,0.1
311,126,5.5,269,0.1
317,123,6.0,269,0.1
324,120,6.5,269,0.1
317,117,-7.5,269,0.1
310,114,-7.0,269,0.1
304,111,-6.5,269,0.1
298,108,-6.0,269,0.1
293,105,-5.5,269,0.1
288,102,-5.0,269,0.1
284,99,-4.5,269,0.1
280,96,-4.0,269,0.1
277,93,-3.5,269,0.1
274,90,-3.0,269,0.1
272,87,-2.5,269,0.1
270,84,-2.0,269,0.1
269,81,-1.5,269,0.1
268,78,-1.0,269,-1
300,597,0,382,0.1
300,594,0,382,0.1
300,591,0,382,0.1
300,588,0,382,0.1
300,585,0,382,0.1
300,582,0,382,0.1
300,579,0,382,0.1
300,576,0,382,0.1
300,573,0,382,0.1
300,570,0,382,0.1
300,567,0,382,0.1
300,564,0,382,0.1
300,561,0,382,0.1
300,558,0,382,0.1
300,555,0,382,0.1
300,552,0,382,0.1
300,549,0,382,0.1
300,546,0,382,0.1
293,543,-7.5,382,0.1
286,540,-7.0,382,0.1
280,537,-6.5,382,0.1
274,534,-6.0,382,0.1
269,531,-5.5,382,0.1
264,528,-5.0,382,0.1
260,525,-4.5,382,0.1
256,522,-4.0,382,0.1
253,519,-3.5,382,0.1
250,516,-3.0,382,0.1
248,513,-2.5,382,0.1
246,510,-2.0,382,0.1
245,507,-1.5,382,0.1
244,504,-1.0,382,0.1
244,501,-0.5,382,0.1
244,498,0.0,382,0.1
245,495,0.5,382,0.1
246,492,1.0,382,0.1
248,489,1.5,382,0.1
250,486,2.0,382,0.1
253,483,2.5,382,0.1
256,480,3.0,382,0.1
260,477,3.5,382,0.1
264,474,4.0,382,0.1
269,471,4.5,382,0.1
274,468,5.0,382,0.1
280,465,5.5,382,0.1
286,462,6.0,382,0.1
293,459,6.5,382,0.1
300,456,7.0,382,0.1
308,453,7.5,382,0.1
316,450,8.0,382,0.1
325,447,8.5,382,0.1
334,444,9.0,382,0.1
344,441,9.5,382,0.1
354,438,10.0,382,0.1
365,435,10.5,382,0.1
376,432,11.0,382,0.1
388,429,11.5,382,0.1
400,426,12.0,382,0.1
393,423,-7.5,382,0.1
386,420,-7.0,382,0.1
380,417,-6.5,382,0.1
374,414,-6.0,382,0.1
369,411,-5.5,382,0.1
364,408,-5.0,382,0.1
360,405,-4.5,382,0.1
356,402,-4.0,382,0.1
353,399,-3.5,382,0.1
350,396,-3.0,382,0.1
348,393,-2.5,382,0.1
346,390,-2.0,382,0.1
345,387,-1.5,382,0.1
344,384,-1.0,382,0.1
344,381,-0.5,382,0.1
344,378,0.0,382,0.1
345,375,0.5,382,0.1
346,372,1.0,382,0.1
348,369,1.5,382,0.1
350,366,2.0,382,0.1
353,363,2.5,382,0.1
356,360,3.0,382,0.1
360,357,3.5,382,0.1
364,354,4.0,382,0.1
369,351,4.5,382,0.1
374,348,5.0,382,0.1
380,345,5.5,382,0.1
386,342,6.0,382,0.1
393,339,6.5,382,0.1
400,336,7.0,382,0.1
408,333,7.5,382,0.1
416,330,8.0,382,0.1
409,327,-7.5,382,0.1
402,324,-7.0,382,0.1
396,321,-6.5,382,0.1
390,318,-6.0,382,0.1
385,315,-5.5,382,0.1
380,312,-5.0,382,0.1
376,309,-4.5,382,0.1
372,306,-4.0,382,0.1
369,303,-3.5,382,0.1
366,300,-3.0,382,0.1
364,297,-2.5,382,0.1
362,294,-2.0,382,0.1
361,291,-1.5,382,0.1
360,288,-1.0,382,0.1
360,285,-0.5,382,0.1
360,282,0.0,382,0.1
361,279,0.5,382,0.1
362,276,1.0,382,0.1
364,273,1.5,382,0.1
366,270,2.0,382,0.1
369,267,2.5,382,0.1
372,264,3.0,382,0.1
376,261,3.5,382,0.1
380,258,4.0,382,0.1
385,255,4.5,382,0.1
390,252,5.0,382,0.1
396,249,5.5,382,0.1
402,246,6.0,382,0.1
409,243,6.5,382,0.1
416,240,7.0,382,0.1
409,237,-7.5,382,0.1
402,234,-7.0,382,0.1
396,231,-6.5,382,0.1
390,228,-6.0,382,0.1
385,225,-5.5,382,0.1
380,222,-5.0,382,0.1
376,219,-4.5,382,0.1
372,216,-4.0,382,0.1
369,213,-3.5,382,0.1
366,210,-3.0,382,0.1
364,207,-2.5,382,0.1
362,204,-2.0,382,0.1
361,201,-1.5,382,0.1
360,198,-1.0,382,0.1
360,195,-0.5,382,0.1
360,192,0.0,382,0.1
361,189,0.5,382,0.1
362,186,1.0,382,0.1
364,183,1.5,382,0.1
366,180,2.0,382,0.1
369,177,2.5,382,0.1
372,174,3.0,382,0.1
376,171,3.5,382,0.1
380,168,4.0,382,0.1
385,165,4.5,382,0.1
390,162,5.0,382,0.1
396,159,5.5,382,0.1
402,156,6.0,382,0.1
409,153,6.5,382,0.1
416,150,7.0,382,0.1
424,147,7.5,382,0.1
432,144,8.0,382,0.1
441,141,8.5,382,0.1
450,138,9.0,382,0.1
443,135,-7.5,382,0.1
436,132,-7.0,382,0.1
430,129,-6.5,382,0.1
424,126,-6.0,382,0.1
419,123,-5.5,382,0.1
414,120,-5.0,382,0.1
410,117,-4.5,382,0.1
406,114,-4.0,382,0.1
403,111,-3.5,382,0.1
400,108,-3.0,382,0.1
398,105,-2.5,382,0.1
396,102,-2.0,382,0.1
395,99,-1.5,382,0.1
394,96,-1.0,382,0.1
394,93,-0.5,382,0.1
394,90,0.0,382,0.1
395,87,0.5,382,0.1
396,84,1.0,382,0.1
398,81,1.5,382,0.1
400,78,2.0,382,0.1
403,75,2.5,382,0.1
406,72,3.0,382,0.1
410,69,3.5,382,0.1
414,66,4.0,382,0.1
419,63,4.5,382,0.1
424,60,5.0,382,0.1
430,57,5.5,382,0.1
436,54,6.0,382,0.1
443,51,6.5,382,0.1
450,48,7.0,382,0.1
443,45,-7.5,382,0.1
436,42,-7.0,382,0.1
430,39,-6.5,382,0.1
424,36,-6.0,382,0.1
419,33,-5.5,382,0.1
414,30,-5.0,382,0.1
410,27,-4.5,382,0.1
406,24,-4.0,382,0.1
403,21,-3.5,382,0.1
400,18,-3.0,382,0.1
398,15,-2.5,382,0.1
396,12,-2.0,382,0.1
395,9,-1.5,382,0.1
394,6,-1.0,382,0.1
394,3,-0.5,382,0.1
394,0,0.0,382,0.1
387,-3,-7.5,382,0.1
380,-6,-7.0,382,0.1
374,-9,-6.5,382,0.1
368,-12,-6.0,382,0.1
363,-15,-5.5,382,0.1
356,-18,-7.5,382,0.1
349,-21,-7.0,382,0.1
343,-24,-6.5,382,0.1
337,-27,-6.0,382,0.1
332,-30,-5.5,382,0.1
325,-33,-7.5,382,0.1
318,-36,-7.0,382,0.1
312,-39,-6.5,382,0.1
306,-42,-6.0,382,0.1
301,-45,-5.5,382,0.1
296,-48,-5.0,382,0.1
292,300,-4.5,256,0.1
288,297,-4.0,256,0.1
285,294,-3.5,256,0.1
282,291,-3.0,256,0.1
280,288,-2.5,256,0.1
278,285,-2.0,256,0.1
277,282,-1.5,256,0.1
276,279,-1.0,256,0.1
276,276,-0.5,256,0.1
276,273,0.0,256,0.1
277,270,0.5,256,0.1
278,267,1.0,256,0.1
280,264,1.5,256,0.1
282,261,2.0,256,0.1
285,258,2.5,256,0.1
288,255,3.0,256,0.1
292,252,3.5,256,0.1
296,249,4.0,256,0.1
301,246,4.5,256,0.1
306,243,5.0,256,0.1
312,240,5.5,256,0.1
318,237,6.0,256,0.1
325,234,6.5,256,0.1
332,231,7.0,256,0.1
340,228,7.5,256,0.1
348,225,8.0,256,0.1
300,597,0,149,0.1
300,594,0,149,0.1
300,591,0,149,0.1
300,588,0,149,0.1
300,585,0,149,0.1
300,582,0,149,0.1
300,579,0,149,0.1
300,576,0,149,0.1
300,573,0,149,0.1
300,570,0,149,0.1
300,567,0,149,0.1
300,564,0,149,0.1
300,561,0,149,0.1
300,558,0,149,0.1
300,555,0,149,0.1
300,552,0,149,0.1
300,549,0,149,0.1
300,546,0,149,0.1
300,543,0,149,0.1
300,540,0,149,0.1
300,537,0,149,0.1
300,534,0,149,0.1
300,531,0,149,0.1
300,528,0,149,0.1
300,525,0,149,0.1
300,522,0,149,0.1
300,519,0,149,0.1
300,516,0,149,0.1
293,513,-7.5,149,0.1
286,510,-7.0,149,0.1
280,507,-6.5,149,0.1
274,504,-6.0,149,0.1
269,501,-5.5,149,0.1
264,498,-5.0,149,0.1
260,495,-4.5,149,0.1
256,492,-4.0,149,0.1
253,489,-3.5,149,0.1
250,486,-3.0,149,0.1
248,483,-2.5,149,0.1
246,480,-2.0,149,0.1
245,477,-1.5,149,0.1
244,474,-1.0,149,0.1
244,471,-0.5,149,0.1
244,468,0.0,149,0.1
245,465,0.5,149,0.1
246,462,1.0,149,0.1
248,459,1.5,149,0.1
250,456,2.0,149,0.1
253,453,2.5,149,0.1
256,450,3.0,149,0.1
260,447,3.5,149,0.1
264,444,4.0,149,0.1
269,441,4.5,149,0.1
274,438,5.0,149,0.1
280,435,5.5,149,0.1
273,432,-7.5,149,0.1
266,429,-7.0,149,0.1
260,426,-6.5,149,0.1
254,423,-6.0,149,0.1
249,420,-5.5,149,0.1
244,417,-5.0,149,0.1
240,414,-4.5,149,0.1
236,411,-4.0,149,0.1
233,408,-3.5,149,0.1
230,405,-3.0,149,0.1
228,402,-2.5,149,0.1
226,399,-2.0,149,0.1
225,396,-1.5,149,0.1
224,393,-1.0,149,0.1
224,390,-0.5,149,0.1
224,387,0.0,149,0.1
225,384,0.5,149,0.1
226,381,1.0,149,0.1
228,378,1.5,149,0.1
230,375,2.0,149,0.1
233,372,2.5,149,0.1
236,369,3.0,149,0.1
240,366,3.5,149,0.1
244,363,4.0,149,0.1
249,360,4.5,149,0.1
254,357,5.0,149,0.1
260,354,5.5,149,0.1
253,351,-7.5,149,0.1
246,348,-7.0,149,0.1
240,345,-6.5,149,0.1
234,342,-6.0,149,0.1
229,339,-5.5,149,0.1
224,336,-5.0,149,0.1
220,333,-4.5,149,0.1
216,330,-4.0,149,0.1
213,327,-3.5,149,0.1
210,324,-3.0,149,0.1
208,321,-2.5,149,0.1
206,318,-2.0,149,0.1
205,315,-1.5,149,0.1
204,312,-1.0,149,0.1
204,309,-0.5,149,0.1
204,306,0.0,149,0.1
205,303,0.5,149,0.1
206,300,1.0,149,0.1
208,297,1.5,149,0.1
210,294,2.0,149,0.1
213,291,2.5,149,0.1
216,288,3.0,149,0.1
220,285,3.5,149,0.1
224,282,4.0,149,0.1
229,279,4.5,149,0.1
234,276,5.0,149,0.1
240,273,5.5,149,0.1
233,270,-7.5,149,0.1
226,267,-7.0,149,0.1
220,264,-6.5,149,0.1
214,261,-6.0,149,0.1
209,258,-5.5,149,0.1
204,255,-5.0,149,0.1
200,252,-4.5,149,0.1
196,249,-4.0,149,0.1
193,246,-3.5,149,0.1
190,243,-3.0,149,0.1
188,240,-2.5,149,0.1
186,237,-2.0,149,0.1
185,234,-1.5,149,0.1
184,231,-1.0,149,0.1
184,228,-0.5,149,0.1
184,225,0.0,149,0.1
185,222,0.5,149,0.1
186,219,1.0,149,0.1
188,216,1.5,149,0.1
190,213,2.0,149,0.1
193,210,2.5,149,0.1
196,207,3.0,149,0.1
200,204,3.5,149,0.1
204,201,4.0,149,0.1
209,198,4.5,149,0.1
214,195,5.0,149,0.1
220,192,5.5,149,0.1
226,189,6.0,149,0.1
233,186,6.5,149,0.1
226,183,-7.5,149,0.1
219,180,-7.0,149,0.1
213,177,-6.5,149,0.1
207,174,-6.0,149,0.1
202,171,-5.5,149,0.1
197,168,-5.0,149,0.1
193,165,-4.5,149,0.1
189,162,-4.0,149,0.1
186,159,-3.5,149,0.1
183,156,-3.0,149,0.1
181,153,-2.5,149,0.1
179,150,-2.0,149,0.1
178,147,-1.5,149,0.1
177,144,-1.0,149,0.1
177,141,-0.5,149,0.1
177,138,0.0,149,0.1
178,135,0.5,149,0.1
179,132,1.0,149,0.1
181,129,1.5,149,0.1
183,126,2.0,149,0.1
186,123,2.5,149,0.1
189,120,3.0,149,0.1
193,117,3.5,149,0.1
197,114,4.0,149,0.1
202,111,4.5,149,0.1
207,108,5.0,149,0.1
213,105,5.5,149,0.1
206,102,-7.5,149,0.1
199,99,-7.0,149,0.1
193,96,-6.5,149,0.1
187,93,-6.0,149,0.1
182,90,-5.5,149,0.1
177,87,-5.0,149,0.1
173,84,-4.5,149,0.1
169,81,-4.0,149,0.1
166,78,-3.5,149,0.1
163,75,-3.0,149,0.1
161,72,-2.5,149,0.1
159,69,-2.0,149,0.1
158,66,-1.5,149,0.1
157,63,-1.0,149,0.1
157,60,-0.5,149,0.1
157,57,0.0,149,0.1
158,54,0.5,149,0.1
159,51,1.0,149,0.1
161,48,1.5,149,0.1
163,45,2.0,149,0.1
166,42,2.5,149,0.1
169,39,3.0,149,0.1
173,36,3.5,149,0.1
177,33,4.0,149,0.1
182,30,4.5,149,0.1
187,27,5.0,149,0.1
193,24,5.5,149,0.1
199,21,6.0,149,0.1
192,18,-7.5,149,0.1
185,15,-7.0,149,0.1
179,12,-6.5,149,0.1
173,9,-6.0,149,0.1
168,6,-5.5,149,0.1
163,3,-5.0,149,0.1
159,0,-4.5,149,0.1
155,-3,-4.0,149,0.1
152,-6,-3.5,149,0.1
149,-9,-3.0,149,0.1
147,-12,-2.5,149,0.1
145,-15,-2.0,149,0.1
144,-18,-1.5,149,0.1
143,-21,-1.0,149,0.1
143,-24,-0.5,149,0.1
143,-27,0.0,149,0.1
144,-30,0.5,149,0.1
137,-33,-7.5,149,0.1
130,-36,-7.0,149,0.1
124,-39,-6.5,149,0.1
118,-42,-6.0,149,0.1
113,-45,-5.5,149,0.1
108,-48,-5.0,149,0.1
104,300,-4.5,14,0.1
100,297,-4.0,14,0.1
93,294,-7.5,14,0.1
86,291,-7.0,14,0.1
80,288,-6.5,14,0.1
74,285,-6.0,14,0.1
69,282,-5.5,14,0.1
64,279,-5.0,14,0.1
60,276,-4.5,14,0.1
53,273,-7.5,14,0.1
46,270,-7.0,14,0.1
40,267,-6.5,14,0.1
34,264,-6.0,14,0.1
29,261,-5.5,14,0.1
24,258,-5.0,14,0.1
20,255,-4.5,14,0.1
16,252,-4.0,14,0.1
13,249,-3.5,14,0.1
10,246,-3.0,14,0.1
8,243,-2.5,14,-1
300,597,0,62,0.1
300,594,0,62,0.1
300,591,0,62,0.1
300,588,0,62,0.1
300,585,0,62,0.1
300,582,0,62,0.1
300,579,0,62,0.1
300,576,0,62,0.1
300,573,0,62,0.1
300,570,0,62,0.1
300,567,0,62,0.1
300,564,0,62,0.1
300,561,0,62,0.1
300,558,0,62,0.1
300,555,0,62,0.1
300,552,0,62,0.1
300,549,0,62,0.1
300,546,0,62,0.1
300,543,0,62,0.1
300,540,0,62,0.1
300,537,0,62,0.1
300,534,0,62,0.1
300,531,0,62,0.1
300,528,0,62,0.1
300,525,0,62,0.1
300,522,0,62,0.1
300,519,0,62,0.1
300,516,0,62,0.1
300,513,0,62,0.1
300,510,0,62,0.1
300,507,0,62,0.1
300,504,0,62,0.1
300,501,0,62,0.1
300,498,0,62,0.1
300,495,0,62,0.1
300,492,0,62,0.1
300,489,0,62,0.1
300,486,0,62,0.1
300,483,0,62,0.1
300,480,0,62,0.1
300,477,0,62,0.1
300,474,0,62,0.1
300,471,0,62,0.1
300,468,0,62,0.1
300,465,0,62,0.1
300,462,0,62,0.1
300,459,0,62,0.1
300,456,0,62,0.1
300,453,0,62,0.1
300,450,0,62,0.1
300,447,0,62,0.1
300,444,0,62,0.1
300,441,0,62,0.1
300,438,0,62,0.1
300,435,0,62,0.1
300,432,0,62,0.1
300,429,0,62,0.1
300,426,0,62,0.1
300,423,0,62,0.1
300,420,0,62,0.1
300,417,0,62,0.1
300,414,0,62,0.1
300,411,0,62,0.1
300,408,0,62,0.1
300,405,0,62,0.1
300,402,0,62,0.1
300,399,0,62,0.1
300,396,0,62,0.1
300,393,0,62,0.1
300,390,0,62,0.1
300,387,0,62,0.1
300,384,0,62,0.1
300,381,0,62,0.1
300,378,0,62,0.1
300,375,0,62,0.1
300,372,0,62,0.1
300,369,0,62,0.1
300,366,0,62,0.1
300,363,0,62,0.1
300,360,0,62,0.1
300,357,0,62,0.1
300,354,0,62,0.1
300,351,0,62,0.1
293,348,-7.5,62,0.1
286,345,-7.0,62,0.1
280,342,-6.5,62,0.1
274,339,-6.0,62,0.1
269,336,-5.5,62,0.1
264,333,-5.0,62,0.1
260,330,-4.5,62,0.1
256,327,-4.0,62,0.1
253,324,-3.5,62,0.1
250,321,-3.0,62,0.1
248,318,-2.5,62,0.1
246,315,-2.0,62,0.1
245,312,-1.5,62,0.1
244,309,-1.0,62,0.1
244,306,-0.5,62,0.1
244,303,0.0,62,0.1
245,300,0.5,62,0.1
246,297,1.0,62,0.1
248,294,1.5,62,0.1
250,291,2.0,62,0.1
253,288,2.5,62,0.1
256,285,3.0,62,0.1
249,282,-7.5,62,0.1
242,279,-7.0,62,0.1
236,276,-6.5,62,0.1
230,273,-6.0,62,0.1
225,270,-5.5,62,0.1
220,267,-5.0,62,0.1
216,264,-4.5,62,0.1
212,261,-4.0,62,0.1
209,258,-3.5,62,0.1
206,255,-3.0,62,0.1
204,252,-2.5,62,0.1
202,249,-2.0,62,0.1
201,246,-1.5,62,0.1
200,243,-1.0,62,0.1
200,240,-0.5,62,0.1
193,237,-7.5,62,0.1
186,234,-7.0,62,0.1
180,231,-6.5,62,0.1
174,228,-6.0,62,0.1
169,225,-5.5,62,0.1
164,222,-5.0,62,0.1
160,219,-4.5,62,0.1
156,216,-4.0,62,0.1
153,213,-3.5,62,0.1
150,210,-3.0,62,0.1
148,207,-2.5,62,0.1
146,204,-2.0,62,0.1
145,201,-1.5,62,0.1
144,198,-1.0,62,0.1
144,195,-0.5,62,0.1
144,192,0.0,62,0.1
145,189,0.5,62,0.1
146,186,1.0,62,0.1
148,183,1.5,62,0.1
150,180,2.0,62,0.1
153,177,2.5,62,0.1
156,174,3.0,62,0.1
160,171,3.5,62,0.1
153,168,-7.5,62,0.1
146,165,-7.0,62,0.1
140,162,-6.5,62,0.1
134,159,-6.0,62,0.1
129,156,-5.5,62,0.1
124,153,-5.0,62,0.1
120,150,-4.5,62,0.1
116,147,-4.0,62,0.1
113,144,-3.5,62,0.1
110,141,-3.0,62,0.1
108,138,-2.5,62,0.1
106,135,-2.0,62,0.1
105,132,-1.5,62,0.1
104,129,-1.0,62,0.1
104,126,-0.5,62,0.1
104,123,0.0,62,0.1
105,120,0.5,62,0.1
106,117,1.0,62,0.1
108,114,1.5,62,0.1
110,111,2.0,62,0.1
113,108,2.5,62,0.1
116,105,3.0,62,0.1
120,102,3.5,62,0.1
124,99,4.0,62,0.1
129,96,4.5,62,0.1
134,93,5.0,62,0.1
140,90,5.5,62,0.1
133,87,-7.5,62,0.1
126,84,-7.0,62,0.1
120,81,-6.5,62,0.1
114,78,-6.0,62,0.1
109,75,-5.5,62,0.1
104,72,-5.0,62,0.1
100,69,-4.5,62,0.1
96,66,-4.0,62,0.1
93,63,-3.5,62,0.1
90,60,-3.0,62,0.1
88,57,-2.5,62,0.1
86,54,-2.0,62,0.1
85,51,-1.5,62,0.1
84,48,-1.0,62,0.1
84,45,-0.5,62,0.1
84,42,0.0,62,0.1
85,39,0.5,62,0.1
86,36,1.0,62,0.1
88,33,1.5,62,0.1
90,30,2.0,62,0.1
93,27,2.5,62,0.1
96,24,3.0,62,0.1
100,21,3.5,62,0.1
104,18,4.0,62,0.1
109,15,4.5,62,0.1
114,12,5.0,62,0.1
120,9,5.5,62,0.1
126,6,6.0,62,0.1
133,3,6.5,62,0.1
140,0,7.0,62,0.1
148,-3,7.5,62,0.1
156,-6,8.0,62,0.1
165,-9,8.5,62,0.1
174,-12,9.0,62,0.1
184,-15,9.5,62,0.1
194,-18,10.0,62,0.1
205,-21,10.5,62,0.1
216,-24,11.0,62,0.1
228,-27,11.5,62,0.1
240,-30,12.0,62,0.1
233,-33,-7.5,62,0.1
226,-36,-7.0,62,0.1
220,-39,-6.5,62,0.1
214,-42,-6.0,62,0.1
209,-45,-5.5,62,0.1
204,-48,-5.0,62,0.1
200,300,-4.5,205,0.1
196,297,-4.0,205,0.1
193,294,-3.5,205,0.1
190,291,-3.0,205,0.1
188,288,-2.5,205,0.1
186,285,-2.0,205,0.1
185,282,-1.5,205,0.1
184,279,-1.0,205,0.1
184,276,-0.5,205,0.1
184,273,0.0,205,0.1
185,270,0.5,205,0.1
186,267,1.0,205,0.1
188,264,1.5,205,0.1
190,261,2.0,205,0.1
193,258,2.5,205,0.1
196,255,3.0,205,0.1
200,252,3.5,205,0.1
204,249,4.0,205,0.1
209,246,4.5,205,0.1
214,243,5.0,205,0.1
220,240,5.5,205,0.1
226,237,6.0,205,0.1
233,234,6.5,205,0.1
240,231,7.0,205,0.1
248,228,7.5,205,0.1
256,225,8.0,205,0.1
265,222,8.5,205,0.1
274,219,9.0,205,0.1
284,216,9.5,205,0.1
294,213,10.0,205,0.1
305,210,10.5,205,0.1
316,207,11.0,205,0.1
309,204,-7.5,205,0.1
302,201,-7.0,205,0.1
296,198,-6.5,205,0.1
290,195,-6.0,205,0.1
285,192,-5.5,205,0.1
280,189,-5.0,205,0.1
276,186,-4.5,205,0.1
272,183,-4.0,205,0.1
269,180,-3.5,205,0.1
266,177,-3.0,205,0.1
264,174,-2.5,205,0.1
262,171,-2.0,205,0.1
261,168,-1.5,205,0.1
260,165,-1.0,205,0.1
260,162,-0.5,205,0.1
260,159,0.0,205,0.1
261,156,0.5,205,0.1
262,153,1.0,205,0.1
264,150,1.5,205,0.1
266,147,2.0,205,0.1
269,144,2.5,205,0.1
272,141,3.0,205,0.1
276,138,3.5,205,0.1
280,135,4.0,205,0.1
285,132,4.5,205,0.1
278,129,-7.5,205,0.1
271,126,-7.0,205,0.1
265,123,-6.5,205,0.1
259,120,-6.0,205,0.1
254,117,-5.5,205,0.1
249,114,-5.0,205,0.1
245,111,-4.5,205,0.1
241,108,-4.0,205,0.1
238,105,-3.5,205,0.1
235,102,-3.0,205,0.1
233,99,-2.5,205,0.1
231,96,-2.0,205,0.1
230,93,-1.5,205,0.1
229,90,-1.0,205,0.1
229,87,-0.5,205,0.1
229,84,0.0,205,0.1
230,81,0.5,205,0.1
231,78,1.0,205,0.1
233,75,1.5,205,0.1
235,72,2.0,205,0.1
238,69,2.5,205,0.1
241,66,3.0,205,0.1
245,63,3.5,205,0.1
249,60,4.0,205,0.1
254,57,4.5,205,0.1
259,54,5.0,205,0.1
265,51,5.5,205,0.1
271,48,6.0,205,0.1
278,45,6.5,205,0.1
271,42,-7.5,205,0.1
264,39,-7.0,205,0.1
258,36,-6.5,205,0.1
252,33,-6.0,205,0.1
247,30,-5.5,205,0.1
242,27,-5.0,205,0.1
238,24,-4.5,205,0.1
234,21,-4.0,205,0.1
231,18,-3.5,205,0.1
228,15,-3.0,205,0.1
226,12,-2.5,205,0.1
224,9,-2.0,205,0.1
223,6,-1.5,205,0.1
222,3,-1.0,205,0.1
222,0,-0.5,205,0.1
222,-3,0.0,205,0.1
223,-6,0.5,205,0.1
224,-9,1.0,205,0.1
226,-12,1.5,205,0.1
228,-15,2.0,205,0.1
231,-18,2.5,205,0.1
234,-21,3.0,205,0.1
238,-24,3.5,205,0.1
242,-27,4.0,205,0.1
247,-30,4.5,205,0.1
252,-33,5.0,205,0.1
245,-36,-7.5,205,0.1
238,-39,-7.0,205,0.1
232,-42,-6.5,205,0.1
226,-45,-6.0,205,0.1
221,-48,-5.5,205,0.1
216,300,-5.0,96,0.1
212,297,-4.5,96,0.1
208,294,-4.0,96,0.1
205,291,-3.5,96,0.1
202,288,-3.0,96,0.1
200,285,-2.5,96,0.1
198,282,-2.0,96,0.1
197,279,-1.5,96,0.1
196,276,-1.0,96,0.1
196,273,-0.5,96,0.1
196,270,0.0,96,0.1
197,267,0.5,96,0.1
190,264,-7.5,96,0.1
183,261,-7.0,96,0.1
177,258,-6.5,96,0.1
171,255,-6.0,96,0.1
166,252,-5.5,96,0.1
161,249,-5.0,96,0.1
154,246,-7.5,96,0.1
147,243,-7.0,96,0.1
141,240,-6.5,96,0.1
135,237,-6.0,96,0.1
130,234,-5.5,96,0.1
125,231,-5.0,96,0.1
121,228,-4.5,96,0.1
117,225,-4.0,96,0.1
114,222,-3.5,96,0.1
111,219,-3.0,96,0.1
109,216,-2.5,96,0.1
107,213,-2.0,96,0.1
106,210,-1.5,96,0.1
105,207,-1.0,96,0.1
105,204,-0.5,96,0.1
105,201,0.0,96,0.1
106,198,0.5,96,0.1
107,195,1.0,96,0.1
109,192,1.5,96,0.1
111,189,2.0,96,0.1
114,186,2.5,96,0.1
117,183,3.0,96,0.1
121,180,3.5,96,0.1
125,177,4.0,96,0.1
130,174,4.5,96,0.1
135,171,5.0,96,0.1
141,168,5.5,96,0.1
147,165,6.0,96,0.1
154,162,6.5,96,0.1
161,159,7.0,96,0.1
169,156,7.5,96,0.1
162,153,-7.5,96,0.1
155,150,-7.0,96,0.1
149,147,-6.5,96,0.1
143,144,-6.0,96,0.1
138,141,-5.5,96,0.1
133,138,-5.0,96,0.1
129,135,-4.5,96,0.1
125,132,-4.0,96,0.1
122,129,-3.5,96,0.1
119,126,-3.0,96,0.1
117,123,-2.5,96,0.1
115,120,-2.0,96,0.1
114,117,-1.5,96,0.1
113,114,-1.0,96,0.1
113,111,-0.5,96,0.1
113,108,0.0,96,0.1
114,105,0.5,96,0.1
115,102,1.0,96,0.1
117,99,1.5,96,0.1
119,96,2.0,96,0.1
122,93,2.5,96,0.1
125,90,3.0,96,0.1
129,87,3.5,96,0.1
133,84,4.0,96,0.1
138,81,4.5,96,0.1
143,78,5.0,96,0.1
149,75,5.5,96,0.1
142,72,-7.5,96,0.1
135,69,-7.0,96,0.1
129,66,-6.5,96,0.1
123,63,-6.0,96,0.1
118,60,-5.5,96,0.1
113,57,-5.0,96,0.1
109,54,-4.5,96,0.1
105,51,-4.0,96,0.1
102,48,-3.5,96,0.1
99,45,-3.0,96,0.1
97,42,-2.5,96,0.1
95,39,-2.0,96,-1
300,597,0,135,0.1
300,594,0,135,0.1
300,591,0,135,0.1
300,588,0,135,0.1
300,585,0,135,0.1
300,582,0,135,0.1
300,579,0,135,0.1
300,576,0,135,0.1
300,573,0,135,0.1
300,570,0,135,0.1
300,567,0,135,0.1
300,564,0,135,0.1
300,561,0,135,0.1
300,558,0,135,0.1
300,555,0,135,0.1
300,552,0,135,0.1
300,549,0,135,0.1
300,546,0,135,0.1
293,543,-7.5,135,0.1
286,540,-7.0,135,0.1
280,537,-6.5,135,0.1
274,534,-6.0,135,0.1
269,531,-5.5,135,0.1
264,528,-5.0,135,0.1
260,525,-4.5,135,0.1
256,522,-4.0,135,0.1
253,519,-3.5,135,0.1
250,516,-3.0,135,0.1
248,513,-2.5,135,0.1
246,510,-2.0,135,0.1
245,507,-1.5,135,0.1
244,504,-1.0,135,0.1
244,501,-0.5,135,0.1
244,498,0.0,135,0.1
245,495,0.5,135,0.1
246,492,1.0,135,0.1
248,489,1.5,135,0.1
250,486,2.0,135,0.1
253,483,2.5,135,0.1
256,480,3.0,135,0.1
260,477,3.5,135,0.1
264,474,4.0,135,0.1
269,471,4.5,135,0.1
274,468,5.0,135,0.1
280,465,5.5,135,0.1
286,462,6.0,135,0.1
293,459,6.5,135,0.1
300,456,7.0,135,0.1
308,453,7.5,135,0.1
316,450,8.0,135,0.1
325,447,8.5,135,0.1
334,444,9.0,135,0.1
327,441,-7.5,135,0.1
320,438,-7.0,135,0.1
314,435,-6.5,135,0.1
308,432,-6.0,135,0.1
303,429,-5.5,135,0.1
298,426,-5.0,135,0.1
294,423,-4.5,135,0.1
290,420,-4.0,135,0.1
287,417,-3.5,135,0.1
284,414,-3.0,135,0.1
282,411,-2.5,135,0.1
280,408,-2.0,135,0.1
279,405,-1.5,135,0.1
278,402,-1.0,135,0.1
278,399,-0.5,135,0.1
278,396,0.0,135,0.1
279,393,0.5,135,0.1
280,390,1.0,135,0.1
282,387,1.5,135,0.1
284,384,2.0,135,0.1
287,381,2.5,135,0.1
290,378,3.0,135,0.1
294,375,3.5,135,0.1
298,372,4.0,135,0.1
303,369,4.5,135,0.1
308,366,5.0,135,0.1
314,363,5.5,135,0.1
320,360,6.0,135,0.1
327,357,6.5,135,0.1
334,354,7.0,135,0.1
342,351,7.5,135,0.1
335,348,-7.5,135,0.1
328,345,-7.0,135,0.1
322,342,-6.5,135,0.1
316,339,-6.0,135,0.1
311,336,-5.5,135,0.1
306,333,-5.0,135,0.1
299,330,-7.5,135,0.1
292,327,-7.0,135,0.1
286,324,-6.5,135,0.1
280,321,-6.0,135,0.1
275,318,-5.5,135,0.1
268,315,-7.5,135,0.1
261,312,-7.0,135,0.1
255,309,-6.5,135,0.1
249,306,-6.0,135,0.1
244,303,-5.5,135,0.1
237,300,-7.5,135,0.1
230,297,-7.0,135,0.1
224,294,-6.5,135,0.1
218,291,-6.0,135,0.1
213,288,-5.5,135,0.1
206,285,-7.5,135,0.1
199,282,-7.0,135,0.1
193,279,-6.5,135,0.1
187,276,-6.0,135,0.1
182,273,-5.5,135,0.1
177,270,-5.0,135,0.1
173,267,-4.5,135,0.1
169,264,-4.0,135,0.1
166,261,-3.5,135,0.1
163,258,-3.0,135,0.1
161,255,-2.5,135,0.1
159,252,-2.0,135,0.1
158,249,-1.5,135,0.1
157,246,-1.0,135,0.1
157,243,-0.5,135,0.1
157,240,0.0,135,0.1
158,237,0.5,135,0.1
159,234,1.0,135,0.1
161,231,1.5,135,0.1
163,228,2.0,135,0.1
166,225,2.5,135,0.1
169,222,3.0,135,0.1
173,219,3.5,135,0.1
177,216,4.0,135,0.1
182,213,4.5,135,0.1
187,210,5.0,135,0.1
193,207,5.5,135,0.1
300,597,0,39,0.1
300,594,0,39,0.1
300,591,0,39,0.1
300,588,0,39,0.1
300,585,0,39,0.1
300,582,0,39,0.1
300,579,0,39,0.1
300,576,0,39,0.1
300,573,0,39,0.1
300,570,0,39,0.1
300,567,0,39,0.1
300,564,0,39,0.1
300,561,0,39,0.1
300,558,0,39,0.1
300,555,0,39,0.1
300,552,0,39,0.1
300,549,0,39,0.1
300,546,0,39,0.1
300,543,0,39,0.1
300,540,0,39,0.1
300,537,0,39,0.1
300,534,0,39,0.1
300,531,0,39,0.1
300,528,0,39,0.1
300,525,0,39,0.1
300,522,0,39,0.1
300,519,0,39,0.1
300,516,0,39,0.1
300,513,0,39,0.1
300,510,0,39,0.1
300,507,0,39,0.1
300,504,0,39,0.1
300,501,0,39,0.1
300,498,0,39,0.1
300,495,0,39,0.1
300,492,0,39,0.1
300,489,0,39,0.1
300,486,0,39,0.1
300,483,0,39,0.1
300,480,0,39,0.1
300,477,0,39,0.1
300,474,0,39,0.1
300,471,0,39,0.1
300,468,0,39,0.1
300,465,0,39,0.1
300,462,0,39,0.1
300,459,0,39,0.1
300,456,0,39,0.1
300,453,0,39,0.1
300,450,0,39,0.1
300,447,0,39,0.1
300,444,0,39,0.1
300,441,0,39,0.1
300,438,0,39,0.1
300,435,0,39,0.1
300,432,0,39,0.1
300,429,0,39,0.1
300,426,0,39,0.1
300,423,0,39,0.1
300,420,0,39,0.1
300,417,0,39,0.1
300,414,0,39,0.1
300,411,0,39,0.1
300,408,0,39,0.1
300,405,0,39,0.1
300,402,0,39,0.1
300,399,0,39,0.1
300,396,0,39,0.1
300,393,0,39,0.1
300,390,0,39,0.1
300,387,0,39,0.1
300,384,0,39,0.1
300,381,0,39,0.1
300,378,0,39,0.1
300,375,0,39,0.1
300,372,0,39,0.1
300,369,0,39,0.1
300,366,0,39,0.1
300,363,0,39,0.1
300,360,0,39,0.1
300,357,0,39,0.1
300,354,0,39,0.1
300,351,0,39,0.1
300,348,0,39,0.1
300,345,0,39,0.1
300,342,0,39,0.1
293,339,-7.5,39,0.1
286,336,-7.0,39,0.1
280,333,-6.5,39,0.1
274,330,-6.0,39,0.1
269,327,-5.5,39,0.1
264,324,-5.0,39,0.1
260,321,-4.5,39,0.1
256,318,-4.0,39,0.1
253,315,-3.5,39,0.1
250,312,-3.0,39,0.1
248,309,-2.5,39,0.1
246,306,-2.0,39,0.1
245,303,-1.5,39,0.1
244,300,-1.0,39,0.1
244,297,-0.5,39,0.1
244,294,0.0,39,0.1
245,291,0.5,39,0.1
246,288,1.0,39,0.1
248,285,1.5,39,0.1
250,282,2.0,39,0.1
253,279,2.5,39,0.1
256,276,3.0,39,0.1
260,273,3.5,39,0.1
264,270,4.0,39,0.1
269,267,4.5,39,0.1
274,264,5.0,39,0.1
280,261,5.5,39,0.1
286,258,6.0,39,0.1
293,255,6.5,39,0.1
300,252,7.0,39,0.1
308,249,7.5,39,0.1
316,246,8.0,39,0.1
325,243,8.5,39,0.1
334,240,9.0,39,0.1
344,237,9.5,39,0.1
354,234,10.0,39,0.1
365,231,10.5,39,0.1
376,228,11.0,39,0.1
388,225,11.5,39,0.1
400,222,12.0,39,0.1
413,219,12.5,39,0.1
426,216,13.0,39,0.1
440,213,13.5,39,0.1
454,210,14.0,39,0.1
469,207,14.5,39,0.1
484,204,15.0,39,0.1
500,201,15.5,39,0.1
516,198,16.0,39,0.1
533,195,16.5,39,0.1
550,192,17.0,39,0.1
568,189,17.5,39,-1
300,597,0,171,0.1
300,594,0,171,0.1
300,591,0,171,0.1
300,588,0,171,0.1
300,585,0,171,0.1
300,582,0,171,0.1
300,579,0,171,0.1
300,576,0,171,0.1
300,573,0,171,0.1
300,570,0,171,0.1
300,567,0,171,0.1
300,564,0,171,0.1
300,561,0,171,0.1
300,558,0,171,0.1
300,555,0,171,0.1
300,552,0,171,0.1
300,549,0,171,0.1
300,546,0,171,0.1
300,543,0,171,0.1
300,540,0,171,0.1
300,537,0,171,0.1
300,534,0,171,0.1
300,531,0,171,0.1
300,528,0,171,0.1
300,525,0,171,0.1
300,522,0,171,0.1
300,519,0,171,0.1
300,516,0,171,0.1
300,513,0,171,0.1
300,510,0,171,0.1
300,507,0,171,0.1
300,504,0,171,0.1
300,501,0,171,0.1
300,498,0,171,0.1
300,495,0,171,0.1
300,492,0,171,0.1
300,489,0,171,0.1
300,486,0,171,0.1
300,483,0,171,0.1
300,480,0,171,0.1
300,477,0,171,0.1
300,474,0,171,0.1
300,471,0,171,0.1
300,468,0,171,0.1
300,465,0,171,0.1
300,462,0,171,0.1
300,459,0,171,0.1
300,456,0,171,0.1
293,453,-7.5,171,0.1
286,450,-7.0,171,0.1
280,447,-6.5,171,0.1
274,444,-6.0,171,0.1
269,441,-5.5,171,0.1
264,438,-5.0,171,0.1
260,435,-4.5,171,0.1
256,432,-4.0,171,0.1
253,429,-3.5,171,0.1
250,426,-3.0,171,0.1
248,423,-2.5,171,0.1
246,420,-2.0,171,0.1
245,417,-1.5,171,0.1
244,414,-1.0,171,0.1
244,411,-0.5,171,0.1
244,408,0.0,171,0.1
245,405,0.5,171,0.1
246,402,1.0,171,0.1
248,399,1.5,171,0.1
250,396,2.0,171,0.1
253,393,2.5,171,0.1
246,390,-7.5,171,0.1
239,387,-7.0,171,0.1
233,384,-6.5,171,0.1
227,381,-6.0,171,0.1
222,378,-5.5,171,0.1
217,375,-5.0,171,0.1
213,372,-4.5,171,0.1
209,369,-4.0,171,0.1
206,366,-3.5,171,0.1
203,363,-3.0,171,0.1
201,360,-2.5,171,0.1
199,357,-2.0,171,0.1
198,354,-1.5,171,0.1
197,351,-1.0,171,0.1
197,348,-0.5,171,0.1
197,345,0.0,171,0.1
198,342,0.5,171,0.1
199,339,1.0,171,0.1
201,336,1.5,171,0.1
203,333,2.0,171,0.1
206,330,2.5,171,0.1
209,327,3.0,171,0.1
213,324,3.5,171,0.1
217,321,4.0,171,0.1
222,318,4.5,171,0.1
215,315,-7.5,171,0.1
208,312,-7.0,171,0.1
202,309,-6.5,171,0.1
196,306,-6.0,171,0.1
191,303,-5.5,171,0.1
186,300,-5.0,171,0.1
182,297,-4.5,171,0.1
178,294,-4.0,171,0.1
175,291,-3.5,171,0.1
172,288,-3.0,171,0.1
170,285,-2.5,171,0.1
168,282,-2.0,171,0.1
167,279,-1.5,171,0.1
166,276,-1.0,171,0.1
166,273,-0.5,171,0.1
166,270,0.0,171,0.1
167,267,0.5,171,0.1
168,264,1.0,171,0.1
170,261,1.5,171,0.1
172,258,2.0,171,0.1
175,255,2.5,171,0.1
178,252,3.0,171,0.1
182,249,3.5,171,0.1
186,246,4.0,171,0.1
191,243,4.5,171,0.1
196,240,5.0,171,0.1
202,237,5.5,171,0.1
208,234,6.0,171,0.1
215,231,6.5,171,0.1
222,228,7.0,171,0.1
230,225,7.5,171,0.1
238,222,8.0,171,0.1
300,597,0,178,0.1
300,594,0,178,0.1
300,591,0,178,0.1
300,588,0,178,0.1
300,585,0,178,0.1
300,582,0,178,0.1
300,579,0,178,0.1
300,576,0,178,0.1
300,573,0,178,0.1
300,570,0,178,0.1
293,567,-7.5,178,0.1
286,564,-7.0,178,0.1
280,561,-6.5,178,0.1
274,558,-6.0,178,0.1
269,555,-5.5,178,0.1
264,552,-5.0,178,0.1
260,549,-4.5,178,0.1
256,546,-4.0,178,0.1
253,543,-3.5,178,0.1
250,540,-3.0,178,0.1
248,537,-2.5,178,0.1
246,534,-2.0,178,0.1
245,531,-1.5,178,0.1
244,528,-1.0,178,0.1
244,525,-0.5,178,0.1
244,522,0.0,178,0.1
245,519,0.5,178,0.1
246,516,1.0,178,0.1
248,513,1.5,178,0.1
250,510,2.0,178,0.1
253,507,2.5,178,0.1
256,504,3.0,178,0.1
260,501,3.5,178,0.1
264,498,4.0,178,0.1
269,495,4.5,178,0.1
274,492,5.0,178,0.1
280,489,5.5,178,0.1
273,486,-7.5,178,0.1
266,483,-7.0,178,0.1
260,480,-6.5,178,0.1
254,477,-6.0,178,0.1
249,474,-5.5,178,0.1
244,471,-5.0,178,0.1
240,468,-4.5,178,0.1
236,465,-4.0,178,0.1
233,462,-3.5,178,0.1
230,459,-3.0,178,0.1
228,456,-2.5,178,0.1
226,453,-2.0,178,0.1
225,450,-1.5,178,0.1
224,447,-1.0,178,0.1
224,444,-0.5,178,0.1
224,441,0.0,178,0.1
225,438,0.5,178,0.1
226,435,1.0,178,0.1
228,432,1.5,178,0.1
230,429,2.0,178,0.1
233,426,2.5,178,0.1
236,423,3.0,178,0.1
240,420,3.5,178,0.1
244,417,4.0,178,0.1
249,414,4.5,178,0.1
254,411,5.0,178,0.1
260,408,5.5,178,0.1
266,405,6.0,178,0.1
273,402,6.5,178,0.1
280,399,7.0,178,0.1
273,396,-7.5,178,0.1
266,393,-7.0,178,0.1
260,390,-6.5,178,0.1
254,387,-6.0,178,0.1
249,384,-5.5,178,0.1
244,381,-5.0,178,0.1
240,378,-4.5,178,0.1
236,375,-4.0,178,0.1
233,372,-3.5,178,0.1
230,369,-3.0,178,0.1
228,366,-2.5,178,0.1
226,363,-2.0,178,0.1
225,360,-1.5,178,0.1
224,357,-1.0,178,0.1
224,354,-0.5,178,0.1
224,351,0.0,178,0.1
225,348,0.5,178,0.1
226,345,1.0,178,0.1
228,342,1.5,178,0.1
230,339,2.0,178,0.1
233,336,2.5,178,0.1
236,333,3.0,178,0.1
240,330,3.5,178,0.1
244,327,4.0,178,0.1
249,324,4.5,178,0.1
254,321,5.0,178,0.1
247,318,-7.5,178,0.1
240,315,-7.0,178,0.1
234,312,-6.5,178,0.1
228,309,-6.0,178,0.1
223,306,-5.5,178,0.1
218,303,-5.0,178,0.1
214,300,-4.5,178,0.1
210,297,-4.0,178,0.1
207,294,-3.5,178,0.1
204,291,-3.0,178,0.1
202,288,-2.5,178,0.1
200,285,-2.0,178,0.1
199,282,-1.5,178,0.1
198,279,-1.0,178,0.1
198,276,-0.5,178,0.1
198,273,0.0,178,0.1
199,270,0.5,178,0.1
200,267,1.0,178,0.1
202,264,1.5,178,0.1
204,261,2.0,178,0.1
207,258,2.5,178,0.1
210,255,3.0,178,0.1
214,252,3.5,178,0.1
218,249,4.0,178,0.1
223,246,4.5,178,0.1
228,243,5.0,178,0.1
234,240,5.5,178,0.1
240,237,6.0,178,0.1
247,234,6.5,178,0.1
240,231,-7.5,178,0.1
233,228,-7.0,178,0.1
227,225,-6.5,178,0.1
221,222,-6.0,178,0.1
216,219,-5.5,178,0.1
211,216,-5.0,178,0.1
207,213,-4.5,178,0.1
203,210,-4.0,178,0.1
200,207,-3.5,178,0.1
197,204,-3.0,178,0.1
195,201,-2.5,178,0.1
193,198,-2.0,178,0.1
192,195,-1.5,178,0.1
191,192,-1.0,178,0.1
191,189,-0.5,178,0.1
191,186,0.0,178,0.1
192,183,0.5,178,0.1
193,180,1.0,178,0.1
195,177,1.5,178,0.1
197,174,2.0,178,0.1
200,171,2.5,178,0.1
203,168,3.0,178,0.1
207,165,3.5,178,0.1
211,162,4.0,178,0.1
216,159,4.5,178,0.1
221,156,5.0,178,0.1
227,153,5.5,178,0.1
233,150,6.0,178,0.1
240,147,6.5,178,0.1
247,144,7.0,178,0.1
240,141,-7.5,178,0.1
233,138,-7.0,178,0.1
227,135,-6.5,178,0.1
221,132,-6.0,178,0.1
216,129,-5.5,178,0.1
211,126,-5.0,178,0.1
207,123,-4.5,178,0.1
203,120,-4.0,178,0.1
200,117,-3.5,178,0.1
197,114,-3.0,178,0.1
195,111,-2.5,178,0.1
193,108,-2.0,178,0.1
192,105,-1.5,178,0.1
191,102,-1.0,178,0.1
191,99,-0.5,178,0.1
191,96,0.0,178,0.1
192,93,0.5,178,0.1
193,90,1.0,178,0.1
195,87,1.5,178,0.1
197,84,2.0,178,0.1
200,81,2.5,178,0.1
203,78,3.0,178,0.1
207,75,3.5,178,0.1
211,72,4.0,178,0.1
216,69,4.5,178,0.1
221,66,5.0,178,0.1
227,63,5.5,178,0.1
233,60,6.0,178,0.1
240,57,6.5,178,0.1
247,54,7.0,178,0.1
240,51,-7.5,178,0.1
233,48,-7.0,178,0.1
227,45,-6.5,178,0.1
221,42,-6.0,178,0.1
216,39,-5.5,178,0.1
211,36,-5.0,178,0.1
207,33,-4.5,178,0.1
203,30,-4.0,178,0.1
200,27,-3.5,178,0.1
197,24,-3.0,178,0.1
195,21,-2.5,178,0.1
193,18,-2.0,178,0.1
192,15,-1.5,178,0.1
191,12,-1.0,178,0.1
191,9,-0.5,178,0.1
191,6,0.0,178,0.1
192,3,0.5,178,0.1
193,0,1.0,178,0.1
195,-3,1.5,178,0.1
197,-6,2.0,178,0.1
200,-9,2.5,178,0.1
203,-12,3.0,178,0.1
207,-15,3.5,178,0.1
211,-18,4.0,178,0.1
216,-21,4.5,178,0.1
221,-24,5.0,178,0.1
227,-27,5.5,178,0.1
233,-30,6.0,178,0.1
240,-33,6.5,178,0.1
247,-36,7.0,178,0.1
255,-39,7.5,178,0.1
263,-42,8.0,178,0.1
272,-45,8.5,178,0.1
281,-48,9.0,178,0.1
291,300,9.5,266,0.1
301,297,10.0,266,0.1
312,294,10.5,266,0.1
323,291,11.0,266,0.1
335,288,11.5,266,0.1
347,285,12.0,266,0.1
360,282,12.5,266,0.1
373,279,13.0,266,0.1
387,276,13.5,266,0.1
401,273,14.0,266,0.1
416,270,14.5,266,0.1
431,267,15.0,266,0.1
447,264,15.5,266,0.1
463,261,16.0,266,0.1
480,258,16.5,266,0.1
497,255,17.0,266,0.1
515,252,17.5,266,0.1
533,249,18.0,266,0.1
552,246,18.5,266,0.1
571,243,19.0,266,-1
300,597,0,244,0.1
300,594,0,244,0.1
300,591,0,244,0.1
300,588,0,244,0.1
300,585,0,244,0.1
300,582,0,244,0.1
300,579,0,244,0.1
300,576,0,244,0.1
300,573,0,244,0.1
289,570,-11.5,244,0.1
278,567,-11.0,244,0.1
268,564,-10.5,244,0.1
258,561,-10.0,244,0.1
249,558,-9.5,244,0.1
240,555,-9.0,244,0.1
232,552,-8.5,244,0.1
224,549,-8.0,244,0.1
217,546,-7.5,244,0.1
210,543,-7.0,244,0.1
204,540,-6.5,244,0.1
198,537,-6.0,244,0.1
193,534,-5.5,244,0.1
188,531,-5.0,244,0.1
184,528,-4.5,244,0.1
180,525,-4.0,244,0.1
177,522,-3.5,244,0.1
174,519,-3.0,244,0.1
172,516,-2.5,244,0.1
170,513,-2.0,244,0.1
169,510,-1.5,244,0.1
168,507,-1.0,244,0.1
168,504,-0.5,244,0.1
168,501,0.0,244,0.1
169,498,0.5,244,0.1
170,495,1.0,244,0.1
172,492,1.5,244,0.1
174,489,2.0,244,0.1
177,486,2.5,244,0.1
180,483,3.0,244,0.1
184,480,3.5,244,0.1
188,477,4.0,244,0.1
193,474,4.5,244,0.1
198,471,5.0,244,0.1
204,468,5.5,244,0.1
210,465,6.0,244,0.1
217,462,6.5,244,0.1
224,459,7.0,244,0.1
232,456,7.5,244,0.1
240,453,8.0,244,0.1
249,450,8.5,244,0.1
258,447,9.0,244,0.1
268,444,9.5,244,0.1
278,441,10.0,244,0.1
267,438,-11.5,244,0.1
256,435,-11.0,244,0.1
246,432,-10.5,244,0.1
236,429,-10.0,244,0.1
227,426,-9.5,244,0.1
218,423,-9.0,244,0.1
210,420,-8.5,244,0.1
202,417,-8.0,244,0.1
195,414,-7.5,244,0.1
188,411,-7.0,244,0.1
182,408,-6.5,244,0.1
176,405,-6.0,244,0.1
171,402,-5.5,244,0.1
166,399,-5.0,244,0.1
162,396,-4.5,244,0.1
158,393,-4.0,244,0.1
155,390,-3.5,244,0.1
152,387,-3.0,244,0.1
150,384,-2.5,244,0.1
148,381,-2.0,244,0.1
147,378,-1.5,244,0.1
146,375,-1.0,244,0.1
146,372,-0.5,244,0.1
146,369,0.0,244,0.1
147,366,0.5,244,0.1
148,363,1.0,244,0.1
150,360,1.5,244,0.1
152,357,2.0,244,0.1
155,354,2.5,244,0.1
158,351,3.0,244,0.1
162,348,3.5,244,0.1
166,345,4.0,244,0.1
171,342,4.5,244,0.1
176,339,5.0,244,0.1
182,336,5.5,244,0.1
188,333,6.0,244,0.1
195,330,6.5,244,0.1
202,327,7.0,244,0.1
210,324,7.5,244,0.1
218,321,8.0,244,0.1
227,318,8.5,244,0.1
236,315,9.0,244,0.1
246,312,9.5,244,0.1
256,309,10.0,244,0.1
267,306,10.5,244,0.1
278,303,11.0,244,0.1
290,300,11.5,244,0.1
300,597,0,294,0.1
300,594,0,294,0.1
300,591,0,294,0.1
300,588,0,294,0.1
300,585,0,294,0.1
300,582,0,294,0.1
300,579,0,294,0.1
300,576,0,294,0.1
300,573,0,294,0.1
300,570,0,294,0.1
300,567,0,294,0.1
300,564,0,294,0.1
300,561,0,294,0.1
300,558,0,294,0.1
300,555,0,294,0.1
300,552,0,294,0.1
300,549,0,294,0.1
300,546,0,294,0.1
300,543,0,294,0.1
300,540,0,294,0.1
300,537,0,294,0.1
300,534,0,294,0.1
300,531,0,294,0.1
300,528,0,294,0.1
300,525,0,294,0.1
300,522,0,294,0.1
300,519,0,294,0.1
300,516,0,294,0.1
300,513,0,294,0.1
300,510,0,294,0.1
300,507,0,294,0.1
300,504,0,294,0.1
300,501,0,294,0.1
300,498,0,294,0.1
300,495,0,294,0.1
300,492,0,294,0.1
300,489,0,294,0.1
300,486,0,294,0.1
300,483,0,294,0.1
300,480,0,294,0.1
300,477,0,294,0.1
300,474,0,294,0.1
300,471,0,294,0.1
300,468,0,294,0.1
300,465,0,294,0.1
300,462,0,294,0.1
300,459,0,294,0.1
300,456,0,294,0.1
300,453,0,294,0.1
300,450,0,294,0.1
300,447,0,294,0.1
300,444,0,294,0.1
300,441,0,294,0.1
300,438,0,294,0.1
300,435,0,294,0.1
300,432,0,294,0.1
300,429,0,294,0.1
300,426,0,294,0.1
300,423,0,294,0.1
300,420,0,294,0.1
300,417,0,294,0.1
300,414,0,294,0.1
300,411,0,294,0.1
300,408,0,294,0.1
300,405,0,294,0.1
300,402,0,294,0.1
300,399,0,294,0.1
300,396,0,294,0.1
300,393,0,294,0.1
300,390,0,294,0.1
300,387,0,294,0.1
300,384,0,294,0.1
300,381,0,294,0.1
300,378,0,294,0.1
300,375,0,294,0.1
300,372,0,294,0.1
300,369,0,294,0.1
300,366,0,294,0.1
300,363,0,294,0.1
300,360,0,294,0.1
300,357,0,294,0.1
300,354,0,294,0.1
300,351,0,294,0.1
300,348,0,294,0.1
300,345,0,294,0.1
300,342,0,294,0.1
300,339,0,294,0.1
300,336,0,294,0.1
300,333,0,294,0.1
300,330,0,294,0.1
300,327,0,294,0.1
300,324,0,294,0.1
300,321,0,294,0.1
300,318,0,294,0.1
300,315,0,294,0.1
300,312,0,294,0.1
300,309,0,294,0.1
300,306,0,294,0.1
300,303,0,294,0.1
300,300,0,294,0.1
300,297,0,294,0.1
300,294,0,294,0.1
300,291,0,294,0.1
300,288,0,294,0.1
300,285,0,294,0.1
300,282,0,294,0.1
300,279,0,294,0.1
300,276,0,294,0.1
300,273,0,294,0.1
300,270,0,294,0.1
300,267,0,294,0.1
300,264,0,294,0.1
293,261,-7.5,294,0.1
286,258,-7.0,294,0.1
280,255,-6.5,294,0.1
274,252,-6.0,294,0.1
269,249,-5.5,294,0.1
264,246,-5.0,294,0.1
260,243,-4.5,294,0.1
256,240,-4.0,294,0.1
253,237,-3.5,294,0.1
250,234,-3.0,294,0.1
248,231,-2.5,294,0.1
246,228,-2.0,294,0.1
245,225,-1.5,294,0.1
244,222,-1.0,294,0.1
244,219,-0.5,294,0.1
244,216,0.0,294,0.1
245,213,0.5,294,0.1
246,210,1.0,294,0.1
248,207,1.5,294,0.1
250,204,2.0,294,0.1
253,201,2.5,294,0.1
256,198,3.0,294,0.1
260,195,3.5,294,0.1
264,192,4.0,294,0.1
269,189,4.5,294,0.1
274,186,5.0,294,0.1
280,183,5.5,294,0.1
286,180,6.0,294,0.1
293,177,6.5,294,0.1
300,174,7.0,294,0.1
308,171,7.5,294,0.1
316,168,8.0,294,0.1
325,165,8.5,294,0.1
334,162,9.0,294,0.1
344,159,9.5,294,0.1
354,156,10.0,294,0.1
365,153,10.5,294,0.1
358,150,-7.5,294,0.1
351,147,-7.0,294,0.1
345,144,-6.5,294,0.1
339,141,-6.0,294,0.1
334,138,-5.5,294,0.1
329,135,-5.0,294,0.1
325,132,-4.5,294,0.1
321,129,-4.0,294,0.1
318,126,-3.5,294,0.1
315,123,-3.0,294,0.1
313,120,-2.5,294,0.1
311,117,-2.0,294,0.1
310,114,-1.5,294,0.1
309,111,-1.0,294,0.1
309,108,-0.5,294,0.1
309,105,0.0,294,0.1
310,102,0.5,294,0.1
311,99,1.0,294,0.1
313,96,1.5,294,0.1
315,93,2.0,294,0.1
318,90,2.5,294,0.1
321,87,3.0,294,0.1
325,84,3.5,294,0.1
329,81,4.0,294,0.1
334,78,4.5,294,0.1
339,75,5.0,294,0.1
345,72,5.5,294,0.1
351,69,6.0,294,0.1
358,66,6.5,294,0.1
351,63,-7.5,294,0.1
344,60,-7.0,294,0.1
338,57,-6.5,294,0.1
332,54,-6.0,294,0.1
327,51,-5.5,294,0.1
322,48,-5.0,294,0.1
318,45,-4.5,294,0.1
314,42,-4.0,294,0.1
311,39,-3.5,294,0.1
308,36,-3.0,294,0.1
306,33,-2.5,294,0.1
304,30,-2.0,294,0.1
303,27,-1.5,294,0.1
302,24,-1.0,294,0.1
302,21,-0.5,294,0.1
302,18,0.0,294,0.1
303,15,0.5,294,0.1
304,12,1.0,294,0.1
306,9,1.5,294,0.1
308,6,2.0,294,0.1
311,3,2.5,294,0.1
314,0,3.0,294,0.1
318,-3,3.5,294,0.1
322,-6,4.0,294,0.1
327,-9,4.5,294,0.1
332,-12,5.0,294,0.1
338,-15,5.5,294,0.1
344,-18,6.0,294,0.1
351,-21,6.5,294,0.1
358,-24,7.0,294,0.1
366,-27,7.5,294,0.1
374,-30,8.0,294,0.1
367,-33,-7.5,294,0.1
360,-36,-7.0,294,0.1
354,-39,-6.5,294,0.1
348,-42,-6.0,294,0.1
343,-45,-5.5,294,0.1
338,-48,-5.0,294,0.1
334,300,-4.5,375,0.1
330,297,-4.0,375,0.1
327,294,-3.5,375,0.1
324,291,-3.0,375,0.1
322,288,-2.5,375,0.1
320,285,-2.0,375,0.1
319,282,-1.5,375,0.1
318,279,-1.0,375,0.1
318,276,-0.5,375,0.1
318,273,0.0,375,0.1
319,270,0.5,375,0.1
320,267,1.0,375,0.1
322,264,1.5,375,0.1
324,261,2.0,375,0.1
327,258,2.5,375,0.1
330,255,3.0,375,0.1
334,252,3.5,375,0.1
338,249,4.0,375,0.1
343,246,4.5,375,0.1
348,243,5.0,375,0.1
354,240,5.5,375,0.1
360,237,6.0,375,0.1
367,234,6.5,375,0.1
374,231,7.0,375,0.1
382,228,7.5,375,0.1
390,225,8.0,375,0.1
399,222,8.5,375,0.1
408,219,9.0,375,0.1
418,216,9.5,375,0.1
428,213,10.0,375,0.1
421,210,-7.5,375,0.1
414,207,-7.0,375,0.1
408,204,-6.5,375,0.1
402,201,-6.0,375,0.1
397,198,-5.5,375,0.1
392,195,-5.0,375,0.1
388,192,-4.5,375,0.1
384,189,-4.0,375,0.1
381,186,-3.5,375,0.1
378,183,-3.0,375,0.1
376,180,-2.5,375,0.1
374,177,-2.0,375,0.1
373,174,-1.5,375,0.1
372,171,-1.0,375,0.1
372,168,-0.5,375,0.1
372,165,0.0,375,0.1
373,162,0.5,375,0.1
374,159,1.0,375,0.1
376,156,1.5,375,0.1
378,153,2.0,375,0.1
381,150,2.5,375,0.1
384,147,3.0,375,0.1
388,144,3.5,375,0.1
392,141,4.0,375,0.1
397,138,4.5,375,0.1
402,135,5.0,375,0.1
408,132,5.5,375,0.1
414,129,6.0,375,0.1
421,126,6.5,375,0.1
428,123,7.0,375,0.1
436,120,7.5,375,0.1
444,117,8.0,375,0.1
437,114,-7.5,375,0.1
430,111,-7.0,375,0.1
424,108,-6.5,375,0.1
418,105,-6.0,375,0.1
413,102,-5.5,375,0.1
408,99,-5.0,375,0.1
404,96,-4.5,375,0.1
400,93,-4.0,375,0.1
397,90,-3.5,375,0.1
394,87,-3.0,375,0.1
392,84,-2.5,375,0.1
390,81,-2.0,375,0.1
389,78,-1.5,375,0.1
388,75,-1.0,375,0.1
388,72,-0.5,375,0.1
388,69,0.0,375,0.1
389,66,0.5,375,0.1
390,63,1.0,375,0.1
392,60,1.5,375,0.1
394,57,2.0,375,0.1
397,54,2.5,375,0.1
400,51,3.0,375,0.1
404,48,3.5,375,0.1
408,45,4.0,375,0.1
413,42,4.5,375,0.1
418,39,5.0,375,0.1
424,36,5.5,375,0.1
430,33,6.0,375,0.1
437,30,6.5,375,0.1
430,27,-7.5,375,0.1
423,24,-7.0,375,0.1
417,21,-6.5,375,0.1
411,18,-6.0,375,0.1
406,15,-5.5,375,0.1
401,12,-5.0,375,0.1
397,9,-4.5,375,0.1
393,6,-4.0,375,0.1
390,3,-3.5,375,0.1
387,0,-3.0,375,0.1
385,-3,-2.5,375,0.1
383,-6,-2.0,375,0.1
382,-9,-1.5,375,0.1
381,-12,-1.0,375,0.1
381,-15,-0.5,375,0.1
381,-18,0.0,375,0.1
382,-21,0.5,375,0.1
383,-24,1.0,375,0.1
385,-27,1.5,375,0.1
387,-30,2.0,375,0.1
390,-33,2.5,375,0.1
393,-36,3.0,375,0.1
397,-39,3.5,375,0.1
401,-42,4.0,375,0.1
406,-45,4.5,375,0.1
411,-48,5.0,375,0.1
417,300,5.5,303,0.1
423,297,6.0,303,0.1
430,294,6.5,303,0.1
437,291,7.0,303,0.1
430,288,-7.5,303,0.1
423,285,-7.0,303,0.1
417,282,-6.5,303,0.1
411,279,-6.0,303,0.1
406,276,-5.5,303,0.1
401,273,-5.0,303,0.1
397,270,-4.5,303,0.1
393,267,-4.0,303,0.1
390,264,-3.5,303,0.1
387,261,-3.0,303,0.1
385,258,-2.5,303,0.1
383,255,-2.0,303,0.1
382,252,-1.5,303,0.1
381,249,-1.0,303,0.1
381,246,-0.5,303,0.1
381,243,0.0,303,0.1
382,240,0.5,303,0.1
383,237,1.0,303,0.1
385,234,1.5,303,0.1
387,231,2.0,303,0.1
390,228,2.5,303,0.1
393,225,3.0,303,0.1
397,222,3.5,303,0.1
401,219,4.0,303,0.1
406,216,4.5,303,0.1
399,213,-7.5,303,0.1
392,210,-7.0,303,0.1
386,207,-6.5,303,0.1
380,204,-6.0,303,0.1
375,201,-5.5,303,0.1
370,198,-5.0,303,0.1
363,195,-7.5,303,0.1
356,192,-7.0,303,0.1
350,189,-6.5,303,0.1
344,186,-6.0,303,0.1
339,183,-5.5,303,0.1
334,180,-5.0,303,0.1
330,177,-4.5,303,0.1
326,174,-4.0,303,0.1
323,171,-3.5,303,0.1
320,168,-3.0,303,0.1
318,165,-2.5,303,0.1
316,162,-2.0,303,0.1
315,159,-1.5,303,0.1
314,156,-1.0,303,0.1
314,153,-0.5,303,0.1
314,150,0.0,303,0.1
315,147,0.5,303,0.1
316,144,1.0,303,0.1
318,141,1.5,303,0.1
320,138,2.0,303,0.1
323,135,2.5,303,0.1
326,132,3.0,303,0.1
330,129,3.5,303,0.1
334,126,4.0,303,0.1
339,123,4.5,303,0.1
344,120,5.0,303,0.1
350,117,5.5,303,0.1
356,114,6.0,303,0.1
363,111,6.5,303,0.1
370,108,7.0,303,0.1
363,105,-7.5,303,0.1
356,102,-7.0,303,0.1
350,99,-6.5,303,0.1
344,96,-6.0,303,0.1
339,93,-5.5,303,0.1
334,90,-5.0,303,0.1
330,87,-4.5,303,0.1
326,84,-4.0,303,0.1
323,81,-3.5,303,0.1
320,78,-3.0,303,0.1
318,75,-2.5,303,0.1
316,72,-2.0,303,0.1
315,69,-1.5,303,0.1
314,66,-1.0,303,0.1
314,63,-0.5,303,0.1
314,60,0.0,303,0.1
315,57,0.5,303,0.1
316,54,1.0,303,0.1
318,51,1.5,303,0.1
320,48,2.0,303,0.1
323,45,2.5,303,0.1
326,42,3.0,303,0.1
330,39,3.5,303,0.1
334,36,4.0,303,0.1
339,33,4.5,303,0.1
344,30,5.0,303,0.1
350,27,5.5,303,0.1
356,24,6.0,303,0.1
363,21,6.5,303,0.1
370,18,7.0,303,0.1
378,15,7.5,303,0.1
386,12,8.0,303,0.1
395,9,8.5,303,-1
